State,county_name,lat,lng,Percent_Republican,Percent_Democrat,Difference,Never,Rarely,Sometimes,Frequently,Always,Never_Rarely,Frequently_Always,Majority
Mississippi,Benton County,34.8173,-89.1885,0.6,0.39,0.21,0.018,0.014,0.246,0.233,0.489,0.032,0.722,Republican
Mississippi,Leflore County,33.5505,-90.3011,0.29,0.7,-0.41,0.122,0.093,0.119,0.129,0.537,0.215,0.666,Democrat
North Carolina,Stokes County,36.4019,-80.2395,0.78,0.21,0.58,0.015,0.034,0.116,0.247,0.588,0.049,0.835,Republican
Texas,Pecos County,30.781,-102.7235,0.69,0.3,0.39,0.05,0.051,0.15,0.197,0.551,0.101,0.748,Republican
Florida,Miami-Dade County,25.615,-80.5623,0.46,0.53,-0.07,0.032,0.023,0.06,0.128,0.756,0.055,0.884,Democrat
Michigan,Kalamazoo County,42.2455,-85.5312,0.4,0.58,-0.19,0.02,0.059,0.062,0.167,0.693,0.079,0.86,Democrat
Idaho,Twin Falls County,42.356,-114.6672,0.71,0.26,0.45,0.166,0.222,0.101,0.177,0.335,0.388,0.512,Republican
Alabama,Jefferson County,33.5543,-86.8964,0.43,0.56,-0.13,0.049,0.037,0.107,0.179,0.628,0.086,0.8069999999999999,Democrat
Kansas,Riley County,39.2966,-96.7352,0.47,0.5,-0.03,0.03,0.05,0.124,0.261,0.535,0.08,0.796,Democrat
Iowa,Winneshiek County,43.2906,-91.8437,0.52,0.47,0.05,0.122,0.044,0.151,0.177,0.505,0.16599999999999998,0.6819999999999999,Republican
Iowa,Dickinson County,43.3779,-95.1509,0.66,0.33,0.34,0.276,0.027,0.091,0.173,0.433,0.30300000000000005,0.606,Republican
Kentucky,Todd County,36.8357,-87.1792,0.76,0.22,0.53,0.058,0.147,0.135,0.266,0.394,0.205,0.66,Republican
District of Columbia,District of Columbia,38.9047,-77.0163,0.05,0.92,-0.87,0.012,0.013,0.069,0.164,0.743,0.025,0.907,Democrat
Mississippi,George County,30.8626,-88.644,0.88,0.11,0.77,0.037,0.102,0.088,0.346,0.428,0.13899999999999998,0.774,Republican
Kentucky,Campbell County,38.9465,-84.3795,0.58,0.4,0.19,0.073,0.085,0.134,0.278,0.43,0.158,0.708,Republican
Wyoming,Platte County,42.1331,-104.9659,0.79,0.18,0.61,0.149,0.149,0.123,0.16,0.418,0.298,0.578,Republican
Texas,Fannin County,33.5938,-96.1069,0.81,0.18,0.63,0.117,0.126,0.131,0.226,0.4,0.243,0.626,Republican
New Jersey,Middlesex County,40.4391,-74.4117,0.38,0.6,-0.22,0.02,0.016,0.054,0.146,0.765,0.036000000000000004,0.911,Democrat
Indiana,Vanderburgh County,38.025,-87.5858,0.54,0.44,0.1,0.07,0.039,0.115,0.234,0.542,0.10900000000000001,0.776,Republican
Iowa,Jasper County,41.686,-93.0538,0.6,0.38,0.22,0.102,0.105,0.233,0.212,0.347,0.207,0.5589999999999999,Republican
Kansas,Russell County,38.9148,-98.7624,0.81,0.17,0.63,0.16,0.174,0.174,0.157,0.335,0.33399999999999996,0.492,Republican
Iowa,Cedar County,41.7723,-91.1324,0.58,0.41,0.17,0.026,0.096,0.142,0.355,0.381,0.122,0.736,Republican
West Virginia,Webster County,38.4947,-80.4219,0.81,0.18,0.63,0.065,0.083,0.163,0.211,0.479,0.14800000000000002,0.69,Republican
Texas,Zavala County,28.8662,-99.7606,0.34,0.65,-0.31,0.036,0.075,0.115,0.138,0.635,0.11099999999999999,0.773,Democrat
Nebraska,Keya Paha County,42.8789,-99.7124,0.9,0.09,0.81,0.124,0.09,0.183,0.273,0.331,0.214,0.6040000000000001,Republican
Idaho,Custer County,44.2411,-114.2817,0.76,0.22,0.54,0.069,0.029,0.199,0.244,0.458,0.098,0.702,Republican
Missouri,Vernon County,37.8506,-94.3424,0.78,0.21,0.57,0.164,0.105,0.11,0.125,0.496,0.269,0.621,Republican
Ohio,Ottawa County,41.5381,-83.1409,0.61,0.38,0.23,0.052,0.035,0.084,0.219,0.609,0.087,0.828,Republican
Arkansas,Crawford County,35.5885,-94.2429,0.77,0.21,0.57,0.155,0.1,0.167,0.211,0.367,0.255,0.578,Republican
Ohio,Paulding County,41.1166,-84.5802,0.75,0.23,0.51,0.095,0.061,0.24,0.314,0.29,0.156,0.604,Republican
Kansas,Morris County,38.6874,-96.6499,0.73,0.25,0.48,0.11,0.094,0.148,0.244,0.404,0.20400000000000001,0.648,Republican
Ohio,Clinton County,39.415,-83.8084,0.75,0.23,0.53,0.171,0.198,0.071,0.105,0.455,0.369,0.56,Republican
Iowa,Louisa County,41.2185,-91.2596,0.66,0.32,0.33,0.097,0.058,0.15,0.214,0.482,0.155,0.696,Republican
South Carolina,Abbeville County,34.2226,-82.4592,0.66,0.33,0.33,0.117,0.102,0.243,0.166,0.371,0.219,0.537,Republican
Pennsylvania,Allegheny County,40.4688,-79.9812,0.39,0.59,-0.2,0.017,0.022,0.035,0.165,0.761,0.039,0.926,Democrat
Illinois,Kendall County,41.5906,-88.4288,0.46,0.52,-0.06,0.001,0.009,0.065,0.136,0.788,0.009999999999999998,0.924,Democrat
Colorado,Weld County,40.5548,-104.3925,0.58,0.4,0.18,0.046,0.038,0.135,0.231,0.55,0.08399999999999999,0.781,Republican
Alabama,Barbour County,31.8696,-85.3932,0.53,0.46,0.08,0.067,0.121,0.12,0.201,0.491,0.188,0.692,Republican
Indiana,Brown County,39.1962,-86.2274,0.64,0.34,0.31,0.055,0.061,0.041,0.184,0.66,0.11599999999999999,0.8440000000000001,Republican
Missouri,Bollinger County,37.3222,-90.0259,0.86,0.13,0.74,0.097,0.152,0.132,0.268,0.35,0.249,0.618,Republican
Missouri,Saline County,39.1368,-93.2018,0.68,0.31,0.37,0.083,0.23,0.112,0.186,0.389,0.313,0.575,Republican
Virginia,Carroll County,36.7316,-80.7339,0.81,0.18,0.63,0.064,0.073,0.084,0.285,0.496,0.137,0.7809999999999999,Republican
Georgia,Hancock County,33.2704,-83.0007,0.28,0.72,-0.44,0.043,0.111,0.102,0.168,0.575,0.154,0.743,Democrat
Arkansas,Van Buren County,35.5806,-92.5157,0.77,0.2,0.57,0.033,0.06,0.096,0.272,0.539,0.093,0.811,Republican
South Carolina,Sumter County,33.9162,-80.3823,0.43,0.56,-0.13,0.128,0.054,0.154,0.182,0.483,0.182,0.665,Democrat
Minnesota,Red Lake County,47.8717,-96.0953,0.66,0.31,0.35,0.095,0.241,0.194,0.184,0.286,0.33599999999999997,0.47,Republican
Georgia,Seminole County,30.9388,-84.8688,0.67,0.32,0.35,0.073,0.079,0.202,0.135,0.51,0.152,0.645,Republican
Iowa,Osceola County,43.3786,-95.6237,0.81,0.18,0.63,0.195,0.051,0.233,0.199,0.322,0.246,0.521,Republican
Illinois,Jackson County,37.7851,-89.3821,0.48,0.49,-0.01,0.066,0.078,0.151,0.209,0.496,0.14400000000000002,0.705,Democrat
Colorado,Grand County,40.1026,-106.1183,0.49,0.48,0.02,0.006,0.002,0.05,0.187,0.754,0.008,0.9410000000000001,Republican
Michigan,Huron County,43.8334,-83.0232,0.69,0.3,0.39,0.08,0.072,0.032,0.271,0.544,0.152,0.8150000000000001,Republican
Georgia,Whitfield County,34.8056,-84.9672,0.7,0.29,0.41,0.185,0.068,0.203,0.142,0.403,0.253,0.545,Republican
Iowa,Dubuque County,42.4688,-90.8825,0.5,0.48,0.03,0.037,0.155,0.189,0.189,0.43,0.192,0.619,Republican
Colorado,San Juan County,37.764,-107.6762,0.36,0.61,-0.25,0.032,0.038,0.097,0.27,0.563,0.07,0.833,Democrat
Illinois,Hancock County,40.4037,-91.1647,0.74,0.25,0.49,0.147,0.154,0.125,0.163,0.411,0.301,0.574,Republican
Ohio,Noble County,39.766,-81.4556,0.81,0.18,0.63,0.109,0.176,0.139,0.219,0.357,0.285,0.576,Republican
North Carolina,Vance County,36.3649,-78.4079,0.4,0.59,-0.19,0.042,0.031,0.137,0.159,0.631,0.07300000000000001,0.79,Democrat
Kentucky,Metcalfe County,36.9905,-85.6292,0.79,0.19,0.6,0.048,0.109,0.134,0.222,0.487,0.157,0.709,Republican
New Jersey,Mercer County,40.2834,-74.7018,0.29,0.69,-0.4,0.017,0.014,0.05,0.162,0.757,0.031,0.919,Democrat
New Mexico,Hidalgo County,31.914,-108.7148,0.57,0.42,0.15,0.056,0.037,0.186,0.153,0.569,0.093,0.722,Republican
Georgia,Long County,31.7526,-81.7457,0.62,0.36,0.26,0.014,0.119,0.086,0.159,0.621,0.133,0.78,Republican
New York,Warren County,43.561,-73.846,0.49,0.49,0,0.026,0.018,0.104,0.13,0.723,0.044,0.853,Republican
Kansas,Gove County,38.9161,-100.483,0.88,0.11,0.76,0.24,0.089,0.234,0.151,0.287,0.32899999999999996,0.43799999999999994,Republican
Georgia,Bacon County,31.5537,-82.4527,0.86,0.13,0.73,0.071,0.132,0.187,0.188,0.421,0.203,0.609,Republican
New Hampshire,Sullivan County,43.3614,-72.2222,0.47,0.51,-0.04,0.06,0.103,0.012,0.252,0.574,0.16299999999999998,0.826,Democrat
Nebraska,Brown County,42.43,-99.9295,0.87,0.11,0.76,0.141,0.082,0.167,0.275,0.335,0.22299999999999998,0.6100000000000001,Republican
Michigan,Manistee County,44.333,-86.0568,0.57,0.42,0.15,0.035,0.05,0.087,0.121,0.707,0.085,0.828,Republican
New York,Wayne County,43.1566,-77.0294,0.59,0.39,0.2,0.001,0.016,0.061,0.132,0.789,0.017,0.921,Republican
Arkansas,Newton County,35.92,-93.2179,0.8,0.18,0.62,0.107,0.14,0.084,0.261,0.408,0.247,0.669,Republican
Illinois,Winnebago County,42.3363,-89.1609,0.48,0.5,-0.03,0.031,0.03,0.089,0.193,0.657,0.061,0.8500000000000001,Democrat
Virginia,Amelia County,37.336,-77.9761,0.68,0.31,0.38,0.013,0.069,0.116,0.13,0.672,0.082,0.802,Republican
Nebraska,Lincoln County,41.0477,-100.7453,0.76,0.22,0.55,0.103,0.145,0.123,0.287,0.341,0.248,0.628,Republican
Kansas,Clay County,39.3497,-97.1652,0.76,0.21,0.54,0.081,0.069,0.115,0.229,0.507,0.15000000000000002,0.736,Republican
Indiana,Lawrence County,38.8412,-86.4835,0.74,0.24,0.51,0.092,0.117,0.109,0.191,0.491,0.20900000000000002,0.6819999999999999,Republican
Iowa,Decatur County,40.7377,-93.7863,0.69,0.29,0.39,0.248,0.132,0.258,0.068,0.294,0.38,0.362,Republican
New Mexico,Do√±a Ana County,32.3526,-106.8328,0.4,0.58,-0.18,0.011,0.044,0.036,0.097,0.812,0.05499999999999999,0.909,Democrat
Virginia,Middlesex County,37.6303,-76.5697,0.62,0.37,0.25,0.001,0.004,0.103,0.237,0.654,0.005,0.891,Republican
Massachusetts,Dukes County,41.3961,-70.6501,0.21,0.77,-0.57,0.006,0.01,0.037,0.16,0.786,0.016,0.9460000000000001,Democrat
Georgia,Echols County,30.7101,-82.894,0.87,0.12,0.76,0.097,0.073,0.182,0.202,0.446,0.16999999999999998,0.648,Republican
Vermont,Essex County,44.728,-71.7362,0.54,0.43,0.11,0.054,0.075,0.083,0.158,0.631,0.129,0.789,Republican
Arkansas,Greene County,36.1176,-90.559,0.79,0.19,0.6,0.062,0.141,0.154,0.346,0.297,0.20299999999999999,0.643,Republican
California,Sacramento County,38.4493,-121.3443,0.36,0.61,-0.25,0.025,0.028,0.062,0.164,0.722,0.053000000000000005,0.886,Democrat
Colorado,Yuma County,40.0029,-102.4242,0.82,0.16,0.67,0.038,0.284,0.133,0.255,0.29,0.32199999999999995,0.5449999999999999,Republican
Idaho,Jefferson County,43.8201,-112.3113,0.85,0.12,0.74,0.099,0.208,0.192,0.249,0.252,0.307,0.501,Republican
Texas,Morris County,33.1135,-94.7327,0.69,0.3,0.39,0.038,0.116,0.21,0.176,0.46,0.154,0.636,Republican
Kentucky,Spencer County,38.0325,-85.3278,0.76,0.22,0.54,0.032,0.058,0.047,0.41,0.453,0.09,0.863,Republican
Pennsylvania,Susquehanna County,41.8214,-75.8007,0.7,0.29,0.41,0.046,0.029,0.038,0.065,0.822,0.075,0.887,Republican
Massachusetts,Essex County,42.6731,-70.952,0.34,0.63,-0.29,0.023,0.01,0.047,0.131,0.788,0.033,0.919,Democrat
Texas,Knox County,33.6061,-99.7414,0.81,0.18,0.63,0.063,0.105,0.184,0.145,0.502,0.16799999999999998,0.647,Republican
California,Napa County,38.5065,-122.3305,0.29,0.69,-0.4,0.017,0.026,0.033,0.149,0.773,0.043,0.922,Democrat
Texas,Runnels County,31.8311,-99.9762,0.86,0.13,0.74,0.033,0.039,0.104,0.228,0.596,0.07200000000000001,0.824,Republican
Pennsylvania,Forest County,41.513,-79.236,0.71,0.28,0.44,0.016,0.008,0.158,0.196,0.622,0.024,0.8180000000000001,Republican
New Mexico,Otero County,32.6132,-105.7415,0.62,0.36,0.26,0.074,0.03,0.143,0.158,0.595,0.104,0.753,Republican
Georgia,McDuffie County,33.4829,-82.4814,0.59,0.4,0.19,0.072,0.053,0.123,0.265,0.488,0.125,0.753,Republican
Texas,Hutchinson County,35.84,-101.3547,0.88,0.11,0.77,0.112,0.064,0.128,0.249,0.447,0.176,0.696,Republican
Texas,Kinney County,29.3501,-100.418,0.71,0.28,0.44,0.004,0.059,0.121,0.084,0.733,0.063,0.817,Republican
Massachusetts,Nantucket County,41.2831,-70.0692,0.26,0.72,-0.46,0.015,0.003,0.034,0.156,0.792,0.018,0.9480000000000001,Democrat
Oregon,Grant County,44.4916,-119.0073,0.77,0.2,0.57,0.014,0.062,0.132,0.12,0.671,0.076,0.791,Republican
West Virginia,Tyler County,39.4653,-80.8848,0.82,0.16,0.66,0.083,0.056,0.137,0.272,0.452,0.139,0.724,Republican
Arkansas,Sebastian County,35.1993,-94.2742,0.66,0.31,0.35,0.121,0.142,0.157,0.208,0.372,0.263,0.58,Republican
North Carolina,Nash County,35.9673,-77.9864,0.49,0.5,-0,0.044,0.032,0.038,0.212,0.673,0.076,0.885,Democrat
Kentucky,Larue County,37.5458,-85.6979,0.78,0.21,0.57,0.074,0.053,0.09,0.213,0.57,0.127,0.7829999999999999,Republican
Texas,Tarrant County,32.7716,-97.2912,0.49,0.49,-0,0.023,0.034,0.077,0.144,0.722,0.057,0.866,Democrat
Minnesota,Aitkin County,46.6082,-93.4154,0.62,0.36,0.26,0.187,0.115,0.075,0.247,0.375,0.302,0.622,Republican
Virginia,Buena Vista city,37.7319,-79.3569,0.67,0.3,0.37,0.018,0.15,0.068,0.125,0.639,0.16799999999999998,0.764,Republican
Maryland,Carroll County,39.5629,-77.0225,0.6,0.36,0.24,0.014,0.008,0.062,0.17,0.746,0.022,0.916,Republican
South Carolina,Richland County,34.0218,-80.9031,0.3,0.68,-0.38,0.03,0.016,0.099,0.235,0.62,0.046,0.855,Democrat
Nebraska,Nuckolls County,40.1764,-98.0472,0.81,0.18,0.63,0.138,0.132,0.064,0.349,0.318,0.27,0.667,Republican
Florida,Pasco County,28.3091,-82.3932,0.59,0.39,0.2,0.027,0.029,0.055,0.179,0.709,0.056,0.8879999999999999,Republican
Kansas,Butler County,37.7812,-96.839,0.7,0.28,0.41,0.053,0.133,0.122,0.222,0.47,0.186,0.692,Republican
Maryland,Anne Arundel County,39.0065,-76.6051,0.41,0.56,-0.15,0.018,0.022,0.067,0.154,0.739,0.039999999999999994,0.893,Democrat
Maryland,Worcester County,38.2128,-75.334,0.59,0.4,0.19,0.003,0.004,0.042,0.11,0.842,0.007,0.952,Republican
Alabama,Russell County,32.2884,-85.1849,0.46,0.53,-0.06,0.069,0.067,0.08,0.213,0.57,0.136,0.7829999999999999,Democrat
Virginia,Goochland County,37.7217,-77.916,0.59,0.39,0.19,0.034,0.043,0.065,0.097,0.761,0.077,0.858,Republican
Pennsylvania,Montgomery County,40.2108,-75.3673,0.36,0.63,-0.26,0.016,0.019,0.044,0.16,0.761,0.035,0.921,Democrat
West Virginia,Lincoln County,38.1753,-82.0704,0.77,0.22,0.55,0.091,0.077,0.164,0.167,0.501,0.16799999999999998,0.668,Republican
Illinois,Henry County,41.3531,-90.1314,0.6,0.38,0.21,0.067,0.072,0.061,0.203,0.597,0.139,0.8,Republican
Nebraska,Cedar County,42.5993,-97.2524,0.83,0.14,0.69,0.207,0.163,0.161,0.177,0.293,0.37,0.47,Republican
Mississippi,Amite County,31.1744,-90.8044,0.62,0.36,0.26,0.11,0.092,0.122,0.204,0.473,0.202,0.6769999999999999,Republican
Oklahoma,McCurtain County,34.1154,-94.7713,0.83,0.16,0.67,0.131,0.141,0.117,0.187,0.423,0.272,0.61,Republican
Georgia,Jasper County,33.3165,-83.688,0.76,0.23,0.53,0.082,0.059,0.181,0.118,0.56,0.14100000000000001,0.678,Republican
Illinois,Pope County,37.4127,-88.5615,0.79,0.2,0.59,0.104,0.054,0.213,0.214,0.415,0.158,0.629,Republican
Nebraska,McPherson County,41.5682,-101.0605,0.91,0.06,0.85,0.121,0.147,0.115,0.257,0.361,0.268,0.618,Republican
Georgia,Talbot County,32.6995,-84.533,0.4,0.6,-0.2,0.168,0.08,0.089,0.171,0.492,0.248,0.663,Democrat
North Carolina,Johnston County,35.5178,-78.3657,0.61,0.37,0.24,0.032,0.022,0.113,0.151,0.682,0.054,0.8330000000000001,Republican
Minnesota,Kanabec County,45.9452,-93.2934,0.68,0.3,0.38,0.223,0.148,0.137,0.146,0.346,0.371,0.492,Republican
Texas,Denton County,33.2052,-97.117,0.53,0.45,0.08,0.016,0.025,0.046,0.204,0.709,0.041,0.9129999999999999,Republican
Oklahoma,Jefferson County,34.111,-97.8358,0.85,0.13,0.72,0.084,0.108,0.163,0.14,0.505,0.192,0.645,Republican
Maine,Aroostook County,46.6589,-68.5989,0.59,0.39,0.2,0.143,0.047,0.12,0.243,0.447,0.19,0.69,Republican
Nebraska,Nemaha County,40.3877,-95.8498,0.71,0.27,0.44,0.09,0.148,0.137,0.293,0.333,0.238,0.626,Republican
Pennsylvania,Tioga County,41.7722,-77.2543,0.75,0.24,0.51,0.098,0.044,0.111,0.183,0.565,0.14200000000000002,0.748,Republican
Illinois,McLean County,40.4909,-88.8473,0.46,0.5,-0.04,0.085,0.062,0.091,0.201,0.561,0.14700000000000002,0.762,Democrat
Texas,Dimmit County,28.4225,-99.7566,0.38,0.62,-0.24,0.021,0.059,0.097,0.133,0.69,0.08,0.823,Democrat
Virginia,Waynesboro city,38.0674,-78.9014,0.51,0.46,0.05,0.027,0.028,0.049,0.186,0.71,0.055,0.8959999999999999,Republican
Vermont,Orange County,44.0057,-72.3768,0.36,0.6,-0.24,0.029,0.095,0.073,0.107,0.696,0.124,0.8029999999999999,Democrat
Mississippi,Union County,34.4905,-89.0039,0.82,0.17,0.65,0.078,0.085,0.148,0.219,0.47,0.163,0.689,Republican
Georgia,Polk County,34.0018,-85.1881,0.78,0.21,0.57,0.106,0.071,0.192,0.145,0.485,0.177,0.63,Republican
Idaho,Lincoln County,43.0024,-114.1383,0.76,0.21,0.54,0.18,0.2,0.105,0.135,0.379,0.38,0.514,Republican
Georgia,Twiggs County,32.6672,-83.4271,0.53,0.46,0.07,0.04,0.077,0.188,0.148,0.547,0.11699999999999999,0.6950000000000001,Republican
South Dakota,Buffalo County,44.0763,-99.2048,0.33,0.64,-0.31,0.161,0.059,0.157,0.253,0.371,0.22,0.624,Democrat
South Dakota,Stanley County,44.4123,-100.7359,0.73,0.25,0.47,0.08,0.024,0.104,0.245,0.546,0.10400000000000001,0.791,Republican
Ohio,Fairfield County,39.7516,-82.6306,0.61,0.37,0.23,0.1,0.095,0.135,0.142,0.527,0.195,0.669,Republican
Kansas,Wichita County,38.4821,-101.3474,0.84,0.15,0.68,0.173,0.112,0.184,0.219,0.313,0.285,0.532,Republican
Kansas,Greenwood County,37.8778,-96.2326,0.79,0.19,0.61,0.034,0.079,0.256,0.302,0.33,0.113,0.632,Republican
Tennessee,Dyer County,36.0591,-89.4138,0.78,0.21,0.57,0.175,0.17,0.12,0.204,0.331,0.345,0.535,Republican
Texas,Burnet County,30.7883,-98.1824,0.76,0.23,0.53,0.031,0.039,0.055,0.194,0.682,0.07,0.8760000000000001,Republican
Wyoming,Niobrara County,43.0564,-104.4754,0.85,0.12,0.74,0.169,0.191,0.177,0.222,0.241,0.36,0.46299999999999997,Republican
Texas,Hill County,31.9907,-97.1324,0.8,0.19,0.61,0.047,0.083,0.029,0.242,0.599,0.13,0.841,Republican
Wyoming,Johnson County,44.0388,-106.5846,0.79,0.18,0.61,0.183,0.208,0.103,0.216,0.29,0.391,0.506,Republican
Kentucky,Morgan County,37.9223,-83.2589,0.78,0.21,0.56,0.133,0.116,0.071,0.182,0.498,0.249,0.6799999999999999,Republican
Missouri,Holt County,40.0944,-95.2155,0.84,0.14,0.7,0.129,0.223,0.156,0.232,0.26,0.352,0.492,Republican
North Carolina,Currituck County,36.4031,-76.0059,0.72,0.26,0.46,0.157,0.021,0.131,0.167,0.524,0.178,0.6910000000000001,Republican
Virginia,Smyth County,36.8438,-81.537,0.78,0.21,0.56,0.087,0.079,0.237,0.182,0.415,0.16599999999999998,0.597,Republican
Nebraska,Cheyenne County,41.2198,-102.995,0.8,0.18,0.62,0.116,0.159,0.164,0.338,0.223,0.275,0.561,Republican
Kansas,Thomas County,39.3509,-101.0556,0.82,0.16,0.65,0.188,0.157,0.208,0.184,0.263,0.345,0.447,Republican
Illinois,Hardin County,37.5182,-88.2668,0.78,0.21,0.57,0.163,0.072,0.235,0.191,0.34,0.235,0.531,Republican
Oregon,Hood River County,45.519,-121.651,0.3,0.67,-0.37,0.03,0.071,0.127,0.162,0.61,0.10099999999999999,0.772,Democrat
Georgia,Early County,31.3228,-84.9037,0.52,0.47,0.05,0.045,0.062,0.156,0.253,0.485,0.107,0.738,Republican
Illinois,Morgan County,39.7156,-90.2015,0.65,0.33,0.32,0.05,0.062,0.177,0.178,0.533,0.112,0.7110000000000001,Republican
Louisiana,East Carroll Parish,32.7325,-91.2351,0.36,0.63,-0.27,0.022,0.046,0.121,0.137,0.674,0.068,0.811,Democrat
Alabama,Blount County,33.9809,-86.5674,0.9,0.1,0.8,0.053,0.114,0.18,0.194,0.459,0.167,0.653,Republican
Kentucky,Nelson County,37.8052,-85.466,0.68,0.31,0.37,0.033,0.106,0.068,0.244,0.548,0.139,0.792,Republican
Missouri,Polk County,37.6165,-93.4005,0.79,0.19,0.6,0.183,0.109,0.103,0.189,0.416,0.292,0.605,Republican
Missouri,Callaway County,38.8355,-91.926,0.7,0.28,0.42,0.123,0.12,0.217,0.196,0.344,0.243,0.54,Republican
Utah,Weber County,41.2698,-111.9134,0.59,0.37,0.23,0.066,0.089,0.072,0.287,0.486,0.155,0.7729999999999999,Republican
South Dakota,Davison County,43.6747,-98.146,0.66,0.31,0.35,0.249,0.074,0.303,0.107,0.267,0.323,0.374,Republican
Idaho,Latah County,46.8162,-116.7117,0.46,0.5,-0.04,0.002,0.012,0.066,0.328,0.592,0.014,0.9199999999999999,Democrat
Georgia,Wayne County,31.5514,-81.9167,0.78,0.21,0.57,0.029,0.139,0.143,0.139,0.55,0.168,0.6890000000000001,Republican
New Hampshire,Belknap County,43.5179,-71.4227,0.54,0.44,0.1,0.114,0.02,0.11,0.158,0.598,0.134,0.756,Republican
Missouri,Pulaski County,37.8246,-92.2076,0.72,0.26,0.46,0.208,0.103,0.16,0.175,0.354,0.311,0.5289999999999999,Republican
Ohio,Adams County,38.8456,-83.472,0.81,0.18,0.64,0.074,0.116,0.149,0.222,0.439,0.19,0.661,Republican
Texas,Cooke County,33.6393,-97.2126,0.82,0.17,0.65,0.118,0.026,0.056,0.207,0.594,0.144,0.8009999999999999,Republican
South Carolina,Marlboro County,34.602,-79.6786,0.44,0.55,-0.11,0.155,0.027,0.153,0.149,0.515,0.182,0.664,Democrat
Kansas,Washington County,39.7842,-97.0875,0.82,0.16,0.66,0.148,0.075,0.111,0.234,0.432,0.22299999999999998,0.666,Republican
New Hampshire,Carroll County,43.8738,-71.2031,0.49,0.5,-0.01,0.088,0.035,0.107,0.172,0.598,0.123,0.77,Democrat
Colorado,Lake County,39.2025,-106.3448,0.38,0.58,-0.2,0.002,0.016,0.036,0.193,0.753,0.018000000000000002,0.946,Democrat
South Carolina,Florence County,34.0245,-79.703,0.51,0.48,0.02,0.114,0.08,0.133,0.109,0.564,0.194,0.6729999999999999,Republican
Nebraska,Boyd County,42.8997,-98.7665,0.87,0.12,0.76,0.081,0.159,0.267,0.184,0.309,0.24,0.493,Republican
Mississippi,Lauderdale County,32.4043,-88.6625,0.57,0.41,0.16,0.036,0.018,0.105,0.197,0.643,0.05399999999999999,0.8400000000000001,Republican
California,Santa Barbara County,34.6729,-120.0165,0.33,0.65,-0.32,0.015,0.02,0.075,0.153,0.737,0.035,0.89,Democrat
Missouri,Ralls County,39.5277,-91.522,0.78,0.21,0.56,0.16,0.106,0.248,0.196,0.29,0.266,0.486,Republican
Tennessee,Hickman County,35.8032,-87.4733,0.77,0.22,0.55,0.063,0.057,0.082,0.217,0.581,0.12,0.7979999999999999,Republican
Texas,Rains County,32.8703,-95.7934,0.85,0.14,0.71,0.143,0.062,0.038,0.245,0.512,0.205,0.757,Republican
Georgia,Irwin County,31.6022,-83.2764,0.75,0.24,0.51,0.098,0.091,0.126,0.224,0.46,0.189,0.684,Republican
North Carolina,Franklin County,36.0828,-78.2857,0.56,0.43,0.13,0.038,0.03,0.061,0.127,0.745,0.068,0.872,Republican
Nebraska,Wayne County,42.2093,-97.1193,0.72,0.24,0.48,0.245,0.12,0.155,0.141,0.34,0.365,0.481,Republican
West Virginia,Hancock County,40.5219,-80.5739,0.71,0.27,0.44,0.072,0.128,0.151,0.19,0.459,0.2,0.649,Republican
Ohio,Lorain County,41.2956,-82.1512,0.51,0.48,0.02,0.089,0.097,0.099,0.207,0.508,0.186,0.715,Republican
Maryland,Cecil County,39.5712,-75.9407,0.62,0.35,0.27,0.009,0.018,0.054,0.182,0.738,0.026999999999999996,0.9199999999999999,Republican
Virginia,Martinsville city,36.6827,-79.8636,0.36,0.63,-0.27,0.063,0.076,0.134,0.163,0.564,0.139,0.727,Democrat
West Virginia,Barbour County,39.133,-80.003,0.77,0.22,0.55,0.092,0.031,0.071,0.287,0.519,0.123,0.806,Republican
West Virginia,Ohio County,40.0969,-80.6189,0.62,0.36,0.26,0.108,0.068,0.092,0.243,0.49,0.176,0.733,Republican
Michigan,Roscommon County,44.3356,-84.6116,0.64,0.34,0.3,0.012,0.037,0.097,0.217,0.637,0.049,0.854,Republican
Mississippi,Lincoln County,31.5324,-90.454,0.69,0.3,0.39,0.077,0.129,0.136,0.142,0.516,0.20600000000000002,0.658,Republican
Massachusetts,Berkshire County,42.3707,-73.2064,0.25,0.72,-0.47,0.03,0.004,0.049,0.082,0.834,0.034,0.9159999999999999,Democrat
Tennessee,Haywood County,35.5832,-89.2838,0.45,0.54,-0.09,0.086,0.026,0.169,0.155,0.565,0.11199999999999999,0.72,Democrat
Florida,Gulf County,29.9555,-85.2266,0.75,0.24,0.51,0.046,0.125,0.12,0.249,0.46,0.17099999999999999,0.7090000000000001,Republican
Texas,Duval County,27.6814,-98.5089,0.48,0.51,-0.03,0.122,0.003,0.132,0.053,0.691,0.125,0.744,Democrat
North Carolina,Orange County,36.0611,-79.1207,0.24,0.75,-0.51,0.01,0.02,0.028,0.142,0.801,0.03,0.9430000000000001,Democrat
South Carolina,Georgetown County,33.4343,-79.3323,0.56,0.43,0.13,0.04,0.014,0.079,0.191,0.675,0.054,0.8660000000000001,Republican
Montana,Sanders County,47.6748,-115.1333,0.74,0.24,0.5,0.15,0.204,0.191,0.172,0.283,0.354,0.45499999999999996,Republican
Iowa,Clinton County,41.898,-90.532,0.54,0.44,0.1,0.092,0.13,0.079,0.269,0.43,0.222,0.6990000000000001,Republican
Illinois,McHenry County,42.3244,-88.4523,0.5,0.47,0.02,0.03,0.012,0.066,0.176,0.716,0.041999999999999996,0.8919999999999999,Republican
Idaho,Shoshone County,47.3529,-115.8924,0.7,0.28,0.42,0.068,0.144,0.299,0.147,0.342,0.212,0.489,Republican
Arkansas,Union County,33.1713,-92.5972,0.63,0.34,0.29,0.116,0.179,0.098,0.262,0.344,0.295,0.606,Republican
West Virginia,Doddridge County,39.2692,-80.707,0.84,0.14,0.7,0.187,0.011,0.075,0.307,0.42,0.198,0.727,Republican
Idaho,Kootenai County,47.6744,-116.7018,0.7,0.27,0.43,0.146,0.105,0.17,0.22,0.359,0.251,0.579,Republican
Mississippi,Tippah County,34.7684,-88.9089,0.8,0.19,0.61,0.068,0.069,0.217,0.213,0.434,0.137,0.647,Republican
Alabama,Tuscaloosa County,33.2896,-87.5251,0.57,0.42,0.15,0.041,0.036,0.144,0.247,0.532,0.077,0.779,Republican
Maine,Piscataquis County,45.8373,-69.2846,0.62,0.35,0.27,0.062,0.146,0.123,0.189,0.479,0.208,0.6679999999999999,Republican
Florida,Holmes County,30.8679,-85.814,0.89,0.1,0.79,0.17,0.077,0.081,0.111,0.562,0.247,0.673,Republican
Mississippi,Lafayette County,34.3567,-89.4849,0.55,0.43,0.12,0.019,0.059,0.161,0.2,0.56,0.078,0.76,Republican
Texas,San Augustine County,31.3942,-94.1682,0.75,0.24,0.51,0.096,0.033,0.07,0.222,0.58,0.129,0.8019999999999999,Republican
Oklahoma,Caddo County,35.1744,-98.3751,0.71,0.27,0.44,0.013,0.111,0.194,0.239,0.444,0.124,0.683,Republican
Georgia,Jeff Davis County,31.8056,-82.6368,0.81,0.18,0.64,0.124,0.138,0.165,0.183,0.39,0.262,0.573,Republican
Alabama,Choctaw County,32.0198,-88.2632,0.58,0.42,0.16,0.049,0.038,0.126,0.219,0.568,0.087,0.7869999999999999,Republican
Michigan,Gratiot County,43.2927,-84.6049,0.63,0.35,0.28,0.057,0.074,0.105,0.169,0.596,0.131,0.765,Republican
Oklahoma,Major County,36.3116,-98.5359,0.89,0.09,0.8,0.169,0.072,0.212,0.285,0.261,0.241,0.546,Republican
South Dakota,Todd County,43.1934,-100.7185,0.21,0.77,-0.56,0.147,0.031,0.097,0.368,0.357,0.178,0.725,Democrat
Georgia,Rockdale County,33.6542,-84.0266,0.29,0.7,-0.41,0.058,0.078,0.115,0.216,0.534,0.136,0.75,Democrat
Ohio,Coshocton County,40.3017,-81.92,0.74,0.25,0.49,0.077,0.194,0.294,0.178,0.258,0.271,0.436,Republican
South Dakota,Custer County,43.6776,-103.4515,0.7,0.28,0.42,0.132,0.088,0.156,0.229,0.396,0.22,0.625,Republican
Illinois,Logan County,40.1245,-89.3675,0.69,0.29,0.4,0.046,0.045,0.23,0.128,0.551,0.091,0.679,Republican
Michigan,Lenawee County,41.8951,-84.0664,0.59,0.39,0.2,0.018,0.027,0.083,0.26,0.612,0.045,0.872,Republican
Georgia,Terrell County,31.777,-84.437,0.45,0.54,-0.08,0.019,0.029,0.03,0.167,0.755,0.048,0.922,Democrat
Washington,Adams County,46.9834,-118.5606,0.67,0.31,0.36,0.077,0.051,0.072,0.076,0.724,0.128,0.7999999999999999,Republican
Michigan,Benzie County,44.6387,-86.0155,0.54,0.45,0.09,0.01,0.049,0.062,0.164,0.715,0.059000000000000004,0.879,Republican
Wisconsin,Winnebago County,44.0689,-88.6446,0.51,0.47,0.04,0.074,0.194,0.126,0.156,0.45,0.268,0.606,Republican
Arkansas,Benton County,36.3387,-94.2561,0.62,0.35,0.26,0.081,0.034,0.083,0.16,0.643,0.115,0.803,Republican
Nebraska,Kimball County,41.1978,-103.7149,0.83,0.14,0.69,0.187,0.173,0.161,0.228,0.25,0.36,0.478,Republican
New Jersey,Gloucester County,39.7173,-75.1414,0.48,0.5,-0.02,0.047,0.01,0.052,0.145,0.746,0.057,0.891,Democrat
South Dakota,Brown County,45.5898,-98.3516,0.6,0.37,0.23,0.256,0.098,0.142,0.166,0.338,0.354,0.504,Republican
Wisconsin,Door County,44.9473,-87.3135,0.48,0.5,-0.01,0.021,0.03,0.059,0.264,0.627,0.051000000000000004,0.891,Democrat
Kansas,Montgomery County,37.1925,-95.7429,0.74,0.24,0.5,0.164,0.132,0.102,0.195,0.407,0.29600000000000004,0.602,Republican
Kentucky,Gallatin County,38.7569,-84.8593,0.77,0.21,0.55,0.076,0.048,0.198,0.211,0.466,0.124,0.677,Republican
Mississippi,Wayne County,31.6408,-88.6958,0.63,0.36,0.27,0.037,0.062,0.121,0.194,0.587,0.099,0.7809999999999999,Republican
Michigan,Wexford County,44.3383,-85.5784,0.66,0.32,0.34,0.036,0.056,0.077,0.171,0.659,0.092,0.8300000000000001,Republican
Texas,Callahan County,32.2976,-99.3735,0.88,0.11,0.77,0.049,0.06,0.119,0.205,0.567,0.109,0.7719999999999999,Republican
Indiana,Monroe County,39.1609,-86.5231,0.35,0.63,-0.28,0.037,0.037,0.094,0.242,0.591,0.074,0.833,Democrat
Ohio,Ashland County,40.846,-82.2707,0.73,0.25,0.49,0.068,0.035,0.268,0.19,0.438,0.10300000000000001,0.628,Republican
Pennsylvania,Cameron County,41.4368,-78.2039,0.73,0.26,0.47,0.147,0.014,0.048,0.142,0.649,0.161,0.791,Republican
Indiana,Fountain County,40.1209,-87.242,0.77,0.2,0.57,0.077,0.089,0.147,0.212,0.474,0.16599999999999998,0.6859999999999999,Republican
Wyoming,Crook County,44.5885,-104.5699,0.89,0.09,0.79,0.145,0.115,0.143,0.192,0.404,0.26,0.5960000000000001,Republican
New York,Broome County,42.1602,-75.8196,0.47,0.51,-0.03,0.044,0.028,0.051,0.066,0.812,0.072,0.8780000000000001,Democrat
North Carolina,Macon County,35.1505,-83.4221,0.69,0.3,0.38,0.153,0.039,0.085,0.182,0.541,0.192,0.7230000000000001,Republican
Michigan,Calhoun County,42.2465,-85.0056,0.55,0.44,0.11,0.063,0.121,0.078,0.178,0.559,0.184,0.7370000000000001,Republican
Kansas,Greeley County,38.4806,-101.806,0.85,0.12,0.73,0.135,0.131,0.181,0.229,0.323,0.266,0.552,Republican
Ohio,Carroll County,40.5796,-81.0897,0.76,0.23,0.53,0.147,0.261,0.052,0.15,0.39,0.40800000000000003,0.54,Republican
North Carolina,Dare County,35.7795,-75.798,0.58,0.41,0.17,0.028,0.005,0.102,0.194,0.671,0.033,0.865,Republican
Louisiana,West Carroll Parish,32.7885,-91.4568,0.85,0.14,0.71,0.022,0.063,0.124,0.114,0.677,0.08499999999999999,0.791,Republican
South Dakota,Marshall County,45.7586,-97.5986,0.59,0.39,0.2,0.196,0.146,0.183,0.161,0.313,0.34199999999999997,0.474,Republican
Texas,Freestone County,31.7049,-96.1491,0.8,0.19,0.61,0.025,0.121,0.085,0.137,0.632,0.146,0.769,Republican
Virginia,Winchester city,39.1735,-78.1746,0.43,0.55,-0.11,0.025,0.056,0.032,0.277,0.611,0.081,0.888,Democrat
Missouri,Taney County,36.6548,-93.0411,0.78,0.2,0.58,0.053,0.079,0.214,0.155,0.499,0.132,0.654,Republican
New York,Chenango County,42.4935,-75.6116,0.61,0.37,0.23,0.048,0.045,0.015,0.156,0.735,0.093,0.891,Republican
Kentucky,Christian County,36.8942,-87.4905,0.63,0.35,0.28,0.06,0.118,0.178,0.279,0.365,0.178,0.644,Republican
Illinois,Jersey County,39.0855,-90.3565,0.73,0.25,0.48,0.074,0.079,0.124,0.185,0.537,0.153,0.722,Republican
Alabama,Talladega County,33.3801,-86.1659,0.62,0.37,0.26,0.113,0.15,0.208,0.169,0.361,0.263,0.53,Republican
Texas,Terry County,33.1738,-102.3352,0.78,0.21,0.57,0.034,0.066,0.061,0.226,0.613,0.1,0.839,Republican
Pennsylvania,Lancaster County,40.0424,-76.2477,0.57,0.41,0.16,0.037,0.013,0.054,0.172,0.724,0.049999999999999996,0.8959999999999999,Republican
New Mexico,Bernalillo County,35.0513,-106.6701,0.37,0.61,-0.24,0.036,0.014,0.057,0.135,0.758,0.049999999999999996,0.893,Democrat
New Mexico,Los Alamos County,35.8694,-106.3074,0.35,0.61,-0.27,0.001,0.041,0.076,0.173,0.709,0.042,0.8819999999999999,Democrat
Ohio,Pike County,39.0773,-83.0668,0.74,0.25,0.49,0.186,0.124,0.124,0.158,0.409,0.31,0.567,Republican
Indiana,Morgan County,39.4816,-86.4462,0.76,0.22,0.55,0.06,0.131,0.136,0.188,0.485,0.191,0.673,Republican
Virginia,Roanoke County,37.2693,-80.068,0.6,0.38,0.22,0.065,0.045,0.077,0.205,0.607,0.11,0.8119999999999999,Republican
Mississippi,Harrison County,30.5118,-89.1159,0.62,0.37,0.25,0.093,0.071,0.142,0.237,0.457,0.16399999999999998,0.694,Republican
Kentucky,Greenup County,38.5457,-82.9223,0.72,0.27,0.45,0.092,0.101,0.236,0.228,0.342,0.193,0.5700000000000001,Republican
Georgia,Evans County,32.1568,-81.8869,0.68,0.31,0.37,0.03,0.078,0.229,0.29,0.372,0.108,0.6619999999999999,Republican
Iowa,Clayton County,42.8447,-91.3414,0.64,0.35,0.29,0.123,0.084,0.137,0.284,0.371,0.20700000000000002,0.655,Republican
North Carolina,Transylvania County,35.2021,-82.7982,0.57,0.41,0.16,0.025,0.013,0.047,0.224,0.691,0.038,0.9149999999999999,Republican
Minnesota,Waseca County,44.0221,-93.5873,0.64,0.34,0.3,0.074,0.048,0.117,0.332,0.429,0.122,0.761,Republican
Arkansas,Howard County,34.0888,-93.9935,0.7,0.28,0.42,0.081,0.07,0.145,0.145,0.56,0.15100000000000002,0.7050000000000001,Republican
Illinois,Livingston County,40.8916,-88.5577,0.71,0.27,0.44,0.03,0.147,0.08,0.234,0.51,0.177,0.744,Republican
Texas,Angelina County,31.2548,-94.6119,0.73,0.26,0.46,0.121,0.064,0.079,0.2,0.536,0.185,0.736,Republican
Texas,Bee County,28.4174,-97.7412,0.64,0.35,0.29,0.001,0.003,0.052,0.19,0.753,0.004,0.9430000000000001,Republican
Illinois,Mercer County,41.2053,-90.7414,0.61,0.37,0.24,0.039,0.066,0.11,0.215,0.571,0.10500000000000001,0.7859999999999999,Republican
New York,Otsego County,42.6338,-75.0326,0.51,0.46,0.05,0.032,0.065,0.027,0.096,0.779,0.097,0.875,Republican
Missouri,St. Clair County,38.0372,-93.776,0.79,0.2,0.59,0.163,0.145,0.182,0.279,0.23,0.308,0.509,Republican
Texas,Kent County,33.1813,-100.7776,0.89,0.1,0.79,0.069,0.168,0.172,0.167,0.424,0.23700000000000002,0.591,Republican
Alabama,Greene County,32.8531,-87.9522,0.18,0.81,-0.63,0.03,0.053,0.127,0.167,0.623,0.08299999999999999,0.79,Democrat
North Dakota,Kidder County,46.9801,-99.7801,0.83,0.15,0.68,0.193,0.206,0.074,0.301,0.226,0.399,0.527,Republican
Colorado,Summit County,39.6342,-106.1164,0.29,0.68,-0.4,0,0.001,0.064,0.151,0.784,0.001,0.935,Democrat
California,Stanislaus County,37.5591,-120.9977,0.48,0.49,-0.01,0.032,0.028,0.062,0.173,0.705,0.06,0.8779999999999999,Democrat
California,Santa Clara County,37.2318,-121.6951,0.25,0.73,-0.47,0.015,0.014,0.04,0.168,0.764,0.028999999999999998,0.932,Democrat
Louisiana,Iberia Parish,29.8965,-91.73,0.65,0.34,0.31,0.112,0.084,0.085,0.253,0.467,0.196,0.72,Republican
Missouri,Texas County,37.3173,-91.965,0.84,0.15,0.69,0.309,0.171,0.231,0.106,0.183,0.48,0.289,Republican
Wisconsin,Wood County,44.4553,-90.0416,0.59,0.4,0.19,0.131,0.177,0.215,0.181,0.296,0.308,0.477,Republican
New York,Madison County,42.9128,-75.6696,0.54,0.44,0.11,0.003,0.015,0.043,0.107,0.832,0.018,0.939,Republican
South Carolina,Aiken County,33.5443,-81.6347,0.61,0.38,0.23,0.1,0.086,0.116,0.193,0.505,0.186,0.698,Republican
New Mexico,Guadalupe County,34.8633,-104.7907,0.42,0.56,-0.14,0.014,0.049,0.072,0.098,0.766,0.063,0.864,Democrat
Vermont,Windsor County,43.58,-72.5862,0.29,0.68,-0.39,0.061,0.055,0.03,0.227,0.627,0.11599999999999999,0.854,Democrat
Ohio,Warren County,39.4276,-84.1668,0.65,0.34,0.31,0.062,0.044,0.085,0.162,0.647,0.106,0.809,Republican
Kentucky,Lee County,37.5948,-83.7162,0.81,0.17,0.64,0.129,0.069,0.129,0.273,0.399,0.198,0.672,Republican
Louisiana,Lafourche Parish,29.5662,-90.4258,0.79,0.19,0.6,0.078,0.039,0.159,0.151,0.573,0.11699999999999999,0.724,Republican
Kansas,Mitchell County,39.3933,-98.2094,0.81,0.18,0.63,0.173,0.116,0.144,0.18,0.388,0.289,0.5680000000000001,Republican
Minnesota,Pennington County,48.0662,-96.0367,0.62,0.35,0.27,0.081,0.197,0.211,0.205,0.306,0.278,0.511,Republican
Arkansas,Independence County,35.7415,-91.5697,0.78,0.19,0.58,0.137,0.156,0.088,0.179,0.44,0.29300000000000004,0.619,Republican
Kansas,Dickinson County,38.8665,-97.1527,0.76,0.22,0.54,0.106,0.118,0.148,0.243,0.385,0.22399999999999998,0.628,Republican
Texas,Wilbarger County,34.0808,-99.241,0.78,0.21,0.57,0.046,0.081,0.171,0.168,0.535,0.127,0.7030000000000001,Republican
Colorado,Mesa County,39.0183,-108.4664,0.63,0.35,0.28,0.075,0.105,0.098,0.222,0.499,0.18,0.721,Republican
Missouri,Jackson County,39.0085,-94.3461,0.38,0.6,-0.22,0.027,0.066,0.088,0.21,0.609,0.093,0.819,Democrat
Iowa,Montgomery County,41.0302,-95.1564,0.69,0.3,0.39,0.218,0.034,0.084,0.378,0.286,0.252,0.6639999999999999,Republican
Iowa,Kossuth County,43.2042,-94.2067,0.69,0.3,0.39,0.135,0.318,0.101,0.173,0.272,0.453,0.445,Republican
Indiana,Marshall County,41.3248,-86.2618,0.69,0.29,0.41,0.12,0.103,0.159,0.229,0.389,0.22299999999999998,0.618,Republican
Virginia,Fairfax County,38.8368,-77.277,0.28,0.7,-0.42,0.018,0.016,0.054,0.163,0.748,0.034,0.911,Democrat
Wisconsin,Vernon County,43.5939,-90.8344,0.52,0.47,0.05,0.157,0.052,0.093,0.244,0.454,0.209,0.698,Republican
California,Riverside County,33.7437,-115.9938,0.45,0.53,-0.08,0.026,0.014,0.041,0.116,0.803,0.04,0.919,Democrat
New Mexico,Roosevelt County,34.0212,-103.48,0.7,0.27,0.43,0.009,0.154,0.089,0.146,0.602,0.163,0.748,Republican
Colorado,Saguache County,38.0805,-106.2815,0.42,0.56,-0.14,0.065,0.122,0.138,0.232,0.443,0.187,0.675,Democrat
Tennessee,DeKalb County,35.9799,-85.8328,0.78,0.21,0.58,0.157,0.152,0.231,0.132,0.328,0.309,0.46,Republican
Texas,Coryell County,31.3909,-97.7992,0.66,0.32,0.34,0.015,0.027,0.142,0.194,0.622,0.041999999999999996,0.8160000000000001,Republican
Colorado,Elbert County,39.2866,-104.136,0.74,0.24,0.5,0.016,0.044,0.19,0.246,0.505,0.06,0.751,Republican
Texas,Cameron County,26.1334,-97.5181,0.43,0.56,-0.13,0.035,0.061,0.034,0.056,0.813,0.096,0.869,Democrat
Minnesota,Mower County,43.6714,-92.7525,0.52,0.46,0.06,0.071,0.107,0.113,0.262,0.448,0.178,0.71,Republican
Oregon,Umatilla County,45.5919,-118.7368,0.64,0.32,0.32,0.043,0.01,0.081,0.155,0.71,0.053,0.865,Republican
Missouri,Shelby County,39.7978,-92.0766,0.81,0.18,0.63,0.142,0.144,0.16,0.238,0.317,0.286,0.5549999999999999,Republican
Minnesota,Lac qui Parle County,44.9955,-96.1735,0.63,0.36,0.27,0.184,0.096,0.248,0.179,0.293,0.28,0.472,Republican
Pennsylvania,Lawrence County,40.9912,-80.3347,0.64,0.35,0.3,0.034,0.07,0.093,0.301,0.503,0.10400000000000001,0.804,Republican
Indiana,Vermillion County,39.8538,-87.464,0.69,0.29,0.41,0.113,0.105,0.134,0.223,0.426,0.218,0.649,Republican
Ohio,Fayette County,39.5599,-83.4561,0.75,0.24,0.52,0.157,0.055,0.328,0.158,0.302,0.212,0.45999999999999996,Republican
Oklahoma,Kingfisher County,35.9454,-97.9421,0.85,0.13,0.72,0.046,0.093,0.05,0.192,0.619,0.139,0.8109999999999999,Republican
New York,Montgomery County,42.9023,-74.4397,0.6,0.38,0.23,0.102,0.005,0.054,0.09,0.749,0.107,0.839,Republican
Michigan,Ogemaw County,44.335,-84.1264,0.69,0.29,0.4,0.061,0.117,0.106,0.259,0.458,0.178,0.7170000000000001,Republican
Georgia,Worth County,31.5515,-83.8509,0.74,0.26,0.48,0.069,0.056,0.083,0.187,0.605,0.125,0.792,Republican
Ohio,Henry County,41.3339,-84.0682,0.71,0.28,0.43,0.038,0.111,0.189,0.197,0.465,0.149,0.662,Republican
Oklahoma,Grant County,36.7961,-97.7861,0.86,0.13,0.73,0.205,0.136,0.145,0.255,0.257,0.34099999999999997,0.512,Republican
Louisiana,Concordia Parish,31.4459,-91.6401,0.63,0.36,0.27,0.11,0.104,0.112,0.095,0.579,0.214,0.6739999999999999,Republican
Minnesota,Stevens County,45.5861,-96.0003,0.6,0.38,0.22,0.169,0.126,0.117,0.192,0.397,0.29500000000000004,0.589,Republican
North Carolina,Cabarrus County,35.3868,-80.5519,0.54,0.44,0.09,0.04,0.022,0.092,0.27,0.576,0.062,0.846,Republican
Arkansas,Yell County,35.0026,-93.4112,0.78,0.19,0.58,0.116,0.1,0.112,0.198,0.474,0.21600000000000003,0.6719999999999999,Republican
South Carolina,Edgefield County,33.7722,-81.9664,0.62,0.37,0.24,0.099,0.084,0.083,0.165,0.569,0.183,0.734,Republican
Tennessee,Fentress County,36.3805,-84.9324,0.85,0.14,0.71,0.123,0.122,0.157,0.162,0.437,0.245,0.599,Republican
Indiana,Jay County,40.438,-85.0057,0.75,0.23,0.52,0.141,0.139,0.157,0.235,0.328,0.28,0.563,Republican
Georgia,Carroll County,33.5828,-85.0798,0.69,0.3,0.39,0.089,0.133,0.154,0.168,0.457,0.222,0.625,Republican
New York,Westchester County,41.1623,-73.7561,0.31,0.68,-0.36,0.025,0.018,0.044,0.115,0.798,0.043,0.913,Democrat
Oklahoma,Osage County,36.6292,-96.3985,0.69,0.29,0.4,0.077,0.103,0.23,0.218,0.372,0.18,0.59,Republican
Virginia,Wise County,36.9752,-82.6212,0.8,0.19,0.62,0.025,0.075,0.099,0.158,0.643,0.1,0.801,Republican
Tennessee,Franklin County,35.155,-86.0922,0.73,0.25,0.48,0.166,0.092,0.13,0.201,0.411,0.258,0.612,Republican
Texas,Shackelford County,32.7359,-99.3541,0.91,0.08,0.83,0.061,0.099,0.14,0.183,0.518,0.16,0.7010000000000001,Republican
Minnesota,Clay County,46.8924,-96.4907,0.47,0.51,-0.04,0.092,0.121,0.138,0.23,0.419,0.213,0.649,Democrat
Rhode Island,Bristol County,41.7173,-71.284,0.34,0.64,-0.29,0.007,0.003,0.02,0.143,0.827,0.01,0.97,Democrat
Kansas,Sedgwick County,37.6848,-97.461,0.55,0.43,0.13,0.06,0.055,0.126,0.26,0.499,0.11499999999999999,0.759,Republican
Texas,Midland County,31.8691,-102.0316,0.78,0.21,0.57,0.083,0.044,0.066,0.219,0.588,0.127,0.8069999999999999,Republican
Texas,Fisher County,32.7428,-100.4022,0.79,0.19,0.6,0.097,0.097,0.109,0.186,0.51,0.194,0.696,Republican
South Carolina,Berkeley County,33.1973,-79.9522,0.55,0.43,0.12,0.05,0.074,0.107,0.171,0.597,0.124,0.768,Republican
New York,Suffolk County,40.8686,-72.8448,0.49,0.49,0,0.04,0.019,0.053,0.106,0.782,0.059,0.888,Republican
Texas,Kaufman County,32.5993,-96.2878,0.66,0.32,0.34,0.063,0.058,0.041,0.155,0.682,0.121,0.8370000000000001,Republican
Illinois,Marion County,38.6496,-88.919,0.72,0.26,0.47,0.1,0.093,0.101,0.302,0.404,0.193,0.706,Republican
Louisiana,Grant Parish,31.5997,-92.5595,0.86,0.12,0.74,0.086,0.041,0.109,0.229,0.535,0.127,0.764,Republican
Michigan,Livingston County,42.6029,-83.9115,0.61,0.38,0.23,0.042,0.021,0.052,0.198,0.687,0.063,0.885,Republican
Missouri,Barry County,36.7099,-93.8291,0.8,0.19,0.61,0.106,0.06,0.256,0.235,0.343,0.16599999999999998,0.5780000000000001,Republican
Georgia,Lowndes County,30.8338,-83.2677,0.55,0.43,0.12,0.108,0.101,0.149,0.208,0.435,0.20900000000000002,0.643,Republican
Missouri,Osage County,38.4604,-91.8618,0.85,0.14,0.71,0.067,0.133,0.171,0.16,0.469,0.2,0.629,Republican
Kansas,Marshall County,39.7836,-96.5229,0.73,0.25,0.48,0.048,0.049,0.233,0.263,0.407,0.097,0.6699999999999999,Republican
Kansas,Hamilton County,37.9991,-101.7912,0.82,0.16,0.66,0.131,0.095,0.189,0.217,0.368,0.226,0.585,Republican
Georgia,Clay County,31.6263,-84.9801,0.44,0.55,-0.11,0.028,0.066,0.12,0.223,0.562,0.094,0.785,Democrat
Montana,Fallon County,46.334,-104.4174,0.87,0.11,0.76,0.118,0.199,0.146,0.296,0.24,0.317,0.536,Republican
California,Alpine County,38.5972,-119.8207,0.33,0.64,-0.31,0.025,0.085,0.088,0.19,0.612,0.11000000000000001,0.802,Democrat
Utah,Iron County,37.8592,-113.2895,0.76,0.2,0.57,0.065,0.036,0.22,0.262,0.417,0.101,0.679,Republican
Indiana,White County,40.7498,-86.8655,0.71,0.27,0.44,0.056,0.177,0.194,0.189,0.384,0.23299999999999998,0.573,Republican
North Carolina,Buncombe County,35.6112,-82.5301,0.39,0.6,-0.21,0.009,0.023,0.044,0.23,0.693,0.032,0.9229999999999999,Democrat
Texas,Anderson County,31.8133,-95.6525,0.79,0.21,0.58,0.172,0.104,0.095,0.088,0.541,0.27599999999999997,0.629,Republican
Ohio,Richland County,40.7747,-82.5365,0.69,0.29,0.4,0.066,0.08,0.213,0.221,0.419,0.14600000000000002,0.64,Republican
Virginia,Radford city,37.1229,-80.5587,0.44,0.53,-0.09,0.075,0.045,0.11,0.177,0.593,0.12,0.77,Democrat
Texas,Brooks County,27.0316,-98.2187,0.4,0.59,-0.19,0.061,0.004,0.166,0.09,0.678,0.065,0.768,Democrat
North Dakota,Stutsman County,46.9793,-98.9588,0.7,0.27,0.43,0.202,0.053,0.076,0.314,0.354,0.255,0.6679999999999999,Republican
Colorado,Larimer County,40.6664,-105.4611,0.41,0.56,-0.15,0.013,0.037,0.06,0.231,0.659,0.049999999999999996,0.89,Democrat
Texas,Rusk County,32.1077,-94.7619,0.77,0.22,0.56,0.038,0.04,0.101,0.331,0.491,0.078,0.8220000000000001,Republican
Montana,Wheatland County,46.4663,-109.8446,0.77,0.21,0.56,0.214,0.135,0.144,0.189,0.318,0.349,0.507,Republican
Kansas,Ellis County,38.9147,-99.3173,0.71,0.27,0.44,0.154,0.154,0.224,0.148,0.32,0.308,0.46799999999999997,Republican
Indiana,Whitley County,41.1394,-85.5051,0.73,0.24,0.49,0.061,0.186,0.132,0.16,0.46,0.247,0.62,Republican
Iowa,Muscatine County,41.4839,-91.1127,0.52,0.45,0.07,0.12,0.022,0.221,0.273,0.364,0.142,0.637,Republican
Michigan,Oakland County,42.6604,-83.3858,0.42,0.56,-0.14,0.028,0.027,0.049,0.169,0.727,0.055,0.896,Democrat
Missouri,Adair County,40.1906,-92.6007,0.62,0.36,0.26,0.067,0.098,0.187,0.253,0.395,0.165,0.648,Republican
Georgia,Jenkins County,32.7924,-81.9635,0.63,0.37,0.26,0.114,0.053,0.084,0.261,0.488,0.167,0.749,Republican
Kansas,Labette County,37.1913,-95.2976,0.67,0.31,0.36,0.168,0.123,0.091,0.147,0.471,0.29100000000000004,0.618,Republican
Nebraska,Colfax County,41.574,-97.0865,0.71,0.28,0.43,0.054,0.089,0.228,0.287,0.341,0.143,0.628,Republican
Illinois,Vermilion County,40.1834,-87.7328,0.65,0.33,0.33,0.023,0.119,0.088,0.266,0.504,0.142,0.77,Republican
Illinois,DeKalb County,41.8935,-88.7703,0.46,0.51,-0.06,0.007,0.012,0.034,0.191,0.756,0.019,0.9470000000000001,Democrat
Florida,Okeechobee County,27.3864,-80.8886,0.72,0.28,0.44,0.016,0.034,0.064,0.171,0.715,0.05,0.886,Republican
Nebraska,Dakota County,42.3911,-96.5646,0.58,0.4,0.17,0.113,0.167,0.131,0.163,0.425,0.28,0.588,Republican
North Carolina,Edgecombe County,35.9129,-77.5971,0.36,0.63,-0.27,0.021,0.037,0.055,0.184,0.703,0.057999999999999996,0.887,Democrat
Tennessee,Henry County,36.3318,-88.3013,0.75,0.24,0.51,0.092,0.09,0.264,0.207,0.347,0.182,0.5539999999999999,Republican
Virginia,Henrico County,37.538,-77.4058,0.35,0.64,-0.29,0.04,0.037,0.071,0.191,0.662,0.077,0.853,Democrat
Pennsylvania,Wayne County,41.6487,-75.3033,0.66,0.33,0.34,0.004,0.009,0.08,0.08,0.828,0.013,0.9079999999999999,Republican
Wisconsin,Taylor County,45.2116,-90.5012,0.72,0.25,0.46,0.201,0.165,0.09,0.12,0.424,0.366,0.544,Republican
Oklahoma,Mayes County,36.3019,-95.2308,0.77,0.22,0.55,0.173,0.175,0.213,0.135,0.303,0.348,0.438,Republican
Indiana,Newton County,40.9558,-87.3976,0.75,0.23,0.52,0.102,0.153,0.092,0.338,0.316,0.255,0.654,Republican
Texas,Dawson County,32.7426,-101.9476,0.78,0.21,0.57,0.03,0.023,0.074,0.115,0.759,0.053,0.874,Republican
Indiana,Washington County,38.6,-86.1053,0.75,0.23,0.52,0.097,0.074,0.062,0.356,0.411,0.17099999999999999,0.7669999999999999,Republican
New York,Orange County,41.4021,-74.3055,0.49,0.49,0,0.023,0.008,0.042,0.18,0.746,0.031,0.9259999999999999,Republican
Minnesota,Dakota County,44.6719,-93.0654,0.42,0.56,-0.14,0.072,0.076,0.129,0.236,0.488,0.148,0.724,Democrat
West Virginia,Ritchie County,39.1783,-81.063,0.85,0.14,0.72,0.141,0.059,0.183,0.262,0.356,0.19999999999999998,0.618,Republican
Oklahoma,Love County,33.9499,-97.2441,0.81,0.17,0.64,0.188,0.08,0.103,0.195,0.435,0.268,0.63,Republican
Georgia,Banks County,34.3541,-83.4974,0.89,0.11,0.78,0.136,0.103,0.125,0.238,0.399,0.239,0.637,Republican
North Carolina,Montgomery County,35.3325,-79.9055,0.65,0.34,0.32,0.027,0.056,0.078,0.184,0.655,0.083,0.839,Republican
South Dakota,Lawrence County,44.3586,-103.7923,0.63,0.33,0.3,0.124,0.089,0.154,0.205,0.428,0.213,0.633,Republican
Florida,Hendry County,26.5535,-81.1659,0.61,0.38,0.23,0.046,0.042,0.112,0.15,0.65,0.088,0.8,Republican
Oregon,Gilliam County,45.3783,-120.2108,0.71,0.28,0.43,0.008,0.003,0.049,0.332,0.607,0.011,0.9390000000000001,Republican
Nebraska,Wheeler County,41.9148,-98.5282,0.87,0.12,0.75,0.162,0.084,0.155,0.201,0.399,0.246,0.6000000000000001,Republican
Minnesota,Norman County,47.3265,-96.4553,0.57,0.41,0.16,0.122,0.154,0.109,0.186,0.428,0.276,0.614,Republican
Florida,Escambia County,30.6689,-87.3628,0.57,0.42,0.15,0.019,0.052,0.095,0.31,0.524,0.071,0.8340000000000001,Republican
Louisiana,East Baton Rouge Parish,30.5383,-91.0956,0.42,0.56,-0.13,0.052,0.031,0.09,0.183,0.642,0.08299999999999999,0.825,Democrat
Utah,Wasatch County,40.3308,-111.1682,0.61,0.35,0.26,0.039,0.063,0.056,0.254,0.588,0.10200000000000001,0.842,Republican
Kentucky,Breathitt County,37.5216,-83.3241,0.75,0.23,0.52,0.114,0.081,0.126,0.241,0.438,0.195,0.679,Republican
Missouri,Marion County,39.8059,-91.6224,0.74,0.24,0.5,0.178,0.093,0.212,0.185,0.332,0.271,0.517,Republican
California,San Bernardino County,34.8414,-116.1784,0.44,0.54,-0.11,0.027,0.022,0.048,0.134,0.768,0.049,0.902,Democrat
Pennsylvania,Indiana County,40.6521,-79.0875,0.68,0.31,0.38,0.015,0.047,0.066,0.22,0.652,0.062,0.872,Republican
Missouri,Laclede County,37.6583,-92.5903,0.82,0.17,0.65,0.313,0.121,0.172,0.107,0.287,0.434,0.39399999999999996,Republican
South Carolina,Saluda County,34.006100000000004,-81.7269,0.67,0.32,0.35,0.053,0.095,0.117,0.206,0.529,0.148,0.735,Republican
Missouri,Lewis County,40.0969,-91.7221,0.77,0.21,0.56,0.164,0.109,0.177,0.23,0.32,0.273,0.55,Republican
Michigan,St. Clair County,42.9341,-82.6805,0.64,0.34,0.3,0.051,0.069,0.046,0.194,0.64,0.12,0.8340000000000001,Republican
Florida,Brevard County,28.2937,-80.7323,0.58,0.41,0.16,0.068,0.073,0.096,0.157,0.607,0.14100000000000001,0.764,Republican
Kentucky,Trimble County,38.613,-85.3375,0.75,0.23,0.51,0.134,0.172,0.135,0.217,0.342,0.306,0.559,Republican
Kansas,Kearny County,38.0003,-101.3199,0.8,0.18,0.62,0.155,0.098,0.172,0.229,0.346,0.253,0.575,Republican
Texas,Smith County,32.375,-95.2692,0.69,0.3,0.39,0.108,0.091,0.104,0.168,0.529,0.199,0.6970000000000001,Republican
West Virginia,Wetzel County,39.6053,-80.6391,0.75,0.23,0.52,0.051,0.067,0.081,0.279,0.521,0.118,0.8,Republican
California,Kings County,36.0753,-119.8155,0.55,0.43,0.12,0.075,0.016,0.049,0.094,0.766,0.091,0.86,Republican
California,Marin County,38.0734,-122.7234,0.16,0.82,-0.67,0.011,0,0.046,0.141,0.802,0.011,0.9430000000000001,Democrat
Texas,Tyler County,30.7712,-94.3766,0.85,0.15,0.7,0.021,0.066,0.054,0.155,0.703,0.08700000000000001,0.858,Republican
South Carolina,Charleston County,32.8346,-79.9531,0.43,0.56,-0.13,0.036,0.059,0.062,0.186,0.657,0.095,0.843,Democrat
Texas,Wichita County,33.9879,-98.7036,0.7,0.29,0.41,0.073,0.046,0.096,0.092,0.692,0.119,0.7839999999999999,Republican
Pennsylvania,Fulton County,39.9254,-78.1127,0.86,0.14,0.72,0.013,0.145,0.053,0.23,0.559,0.158,0.789,Republican
Oklahoma,Lincoln County,35.703,-96.8809,0.81,0.18,0.63,0.135,0.103,0.204,0.222,0.337,0.238,0.559,Republican
Ohio,Sandusky County,41.3563,-83.1462,0.63,0.35,0.28,0.139,0.074,0.109,0.209,0.469,0.21300000000000002,0.6779999999999999,Republican
Maryland,Washington County,39.6036,-77.814,0.59,0.38,0.21,0.031,0.047,0.085,0.194,0.642,0.078,0.8360000000000001,Republican
California,Tulare County,36.2201,-118.8005,0.53,0.45,0.08,0.025,0.039,0.115,0.136,0.685,0.064,0.8210000000000001,Republican
Kentucky,McCreary County,36.7371,-84.4842,0.88,0.11,0.77,0.096,0.116,0.143,0.203,0.441,0.21200000000000002,0.644,Republican
Georgia,Dodge County,32.1722,-83.1684,0.72,0.27,0.45,0.145,0.025,0.15,0.236,0.443,0.16999999999999998,0.679,Republican
Kansas,Pawnee County,38.1813,-99.2367,0.75,0.23,0.51,0.053,0.096,0.137,0.217,0.497,0.149,0.714,Republican
Wisconsin,Sheboygan County,43.7212,-87.9454,0.57,0.41,0.16,0.128,0.114,0.174,0.199,0.385,0.242,0.5840000000000001,Republican
Oklahoma,Sequoyah County,35.4954,-94.7552,0.79,0.2,0.59,0.106,0.11,0.209,0.212,0.362,0.216,0.574,Republican
Texas,Roberts County,35.8384,-100.8136,0.96,0.03,0.93,0.16,0.074,0.133,0.205,0.427,0.23399999999999999,0.632,Republican
Texas,Lynn County,33.1768,-101.8161,0.81,0.19,0.62,0.032,0.068,0.054,0.222,0.624,0.1,0.846,Republican
Kentucky,Edmonson County,37.2088,-86.2384,0.79,0.2,0.59,0.055,0.057,0.086,0.179,0.624,0.112,0.8029999999999999,Republican
Kentucky,Webster County,37.5184,-87.6832,0.75,0.24,0.52,0.088,0.084,0.167,0.21,0.451,0.172,0.661,Republican
Nebraska,Blaine County,41.9128,-99.9768,0.88,0.11,0.77,0.176,0.103,0.123,0.305,0.293,0.27899999999999997,0.598,Republican
Iowa,Jefferson County,41.0318,-91.9489,0.5,0.48,0.01,0.074,0.116,0.221,0.191,0.398,0.19,0.589,Republican
Virginia,Charles City County,37.3567,-77.0622,0.4,0.59,-0.19,0.017,0.02,0.103,0.177,0.683,0.037000000000000005,0.8600000000000001,Democrat
Virginia,Isle of Wight County,36.8913,-76.7258,0.58,0.4,0.18,0.039,0.055,0.059,0.277,0.569,0.094,0.846,Republican
Georgia,Union County,34.8341,-83.9907,0.81,0.18,0.63,0.065,0.119,0.087,0.168,0.56,0.184,0.7280000000000001,Republican
Maine,Somerset County,45.5139,-69.9589,0.6,0.37,0.23,0.035,0.095,0.142,0.17,0.558,0.13,0.7280000000000001,Republican
Illinois,Schuyler County,40.158,-90.6151,0.71,0.27,0.44,0.132,0.1,0.152,0.198,0.417,0.232,0.615,Republican
Tennessee,Gibson County,35.9966,-88.9326,0.73,0.26,0.47,0.182,0.086,0.111,0.26,0.361,0.268,0.621,Republican
Oklahoma,Custer County,35.6388,-99.0015,0.75,0.22,0.53,0.006,0.274,0.413,0.13,0.177,0.28,0.307,Republican
Georgia,Telfair County,31.9298,-82.939,0.65,0.34,0.31,0.156,0.075,0.134,0.208,0.427,0.23099999999999998,0.635,Republican
Louisiana,St. Martin Parish,30.1291,-91.6083,0.67,0.31,0.36,0.069,0.11,0.096,0.178,0.548,0.179,0.726,Republican
Mississippi,Holmes County,33.1235,-90.0921,0.17,0.81,-0.64,0.062,0.072,0.095,0.099,0.672,0.134,0.771,Democrat
Virginia,Lee County,36.7054,-83.1286,0.84,0.15,0.69,0.107,0.135,0.072,0.104,0.582,0.242,0.6859999999999999,Republican
Maryland,Harford County,39.5611,-76.3171,0.55,0.43,0.12,0.008,0.009,0.037,0.168,0.778,0.017,0.9460000000000001,Republican
Illinois,Johnson County,37.4597,-88.8809,0.78,0.2,0.59,0.124,0.05,0.189,0.141,0.496,0.174,0.637,Republican
Utah,Tooele County,40.4488,-113.1311,0.67,0.28,0.38,0.002,0.114,0.141,0.212,0.532,0.116,0.744,Republican
Texas,Robertson County,31.0271,-96.5128,0.7,0.29,0.4,0.014,0.041,0.055,0.334,0.555,0.055,0.889,Republican
Georgia,Fannin County,34.8641,-84.3198,0.82,0.17,0.65,0.075,0.088,0.125,0.112,0.6,0.16299999999999998,0.712,Republican
California,Butte County,39.6669,-121.6007,0.48,0.49,-0.02,0.015,0.043,0.111,0.204,0.626,0.057999999999999996,0.83,Democrat
Delaware,Sussex County,38.6606,-75.39,0.55,0.44,0.11,0.005,0.001,0.035,0.103,0.856,0.006,0.959,Republican
Mississippi,Bolivar County,33.7956,-90.8804,0.34,0.65,-0.31,0.123,0.046,0.127,0.249,0.456,0.16899999999999998,0.7050000000000001,Democrat
Oklahoma,Jackson County,34.588,-99.4148,0.78,0.2,0.58,0.021,0.127,0.148,0.291,0.411,0.148,0.702,Republican
Kentucky,Wayne County,36.8013,-84.8286,0.8,0.18,0.62,0.102,0.151,0.16,0.169,0.417,0.253,0.586,Republican
Indiana,Sullivan County,39.0888,-87.4147,0.74,0.24,0.5,0.127,0.071,0.077,0.207,0.517,0.198,0.724,Republican
North Carolina,Chatham County,35.7026,-79.2553,0.44,0.55,-0.12,0.007,0.025,0.063,0.139,0.766,0.032,0.905,Democrat
Tennessee,Hardin County,35.1987,-88.1845,0.83,0.15,0.67,0.142,0.14,0.107,0.241,0.371,0.28200000000000003,0.612,Republican
Iowa,O'Brien County,43.0838,-95.6249,0.78,0.21,0.57,0.173,0.054,0.267,0.187,0.319,0.22699999999999998,0.506,Republican
Georgia,Stephens County,34.5539,-83.2935,0.79,0.2,0.59,0.087,0.116,0.116,0.31,0.37,0.203,0.6799999999999999,Republican
West Virginia,Brooke County,40.2739,-80.5765,0.71,0.28,0.43,0.067,0.11,0.195,0.192,0.436,0.177,0.628,Republican
Kansas,Harvey County,38.0432,-97.4272,0.59,0.39,0.2,0.075,0.058,0.121,0.323,0.423,0.133,0.746,Republican
Arkansas,St. Francis County,35.022,-90.7478,0.46,0.51,-0.05,0.087,0.007,0.289,0.267,0.35,0.094,0.617,Democrat
Kansas,Finney County,38.0443,-100.737,0.62,0.36,0.26,0.166,0.089,0.163,0.239,0.343,0.255,0.5820000000000001,Republican
Kansas,Marion County,38.3589,-97.0969,0.73,0.25,0.49,0.101,0.068,0.209,0.279,0.343,0.169,0.6220000000000001,Republican
Indiana,Daviess County,38.7024,-87.072,0.8,0.18,0.62,0.049,0.061,0.13,0.214,0.546,0.11,0.76,Republican
Kansas,Chase County,38.302,-96.5939,0.75,0.23,0.52,0.151,0.082,0.212,0.225,0.331,0.23299999999999998,0.556,Republican
South Dakota,Hughes County,44.389,-99.996,0.63,0.34,0.29,0.091,0.027,0.109,0.251,0.523,0.118,0.774,Republican
Indiana,Shelby County,39.5237,-85.7917,0.73,0.25,0.48,0.16,0.057,0.177,0.193,0.413,0.217,0.606,Republican
Illinois,Williamson County,37.7303,-88.9299,0.68,0.3,0.37,0.095,0.122,0.136,0.183,0.464,0.217,0.647,Republican
Oklahoma,Pawnee County,36.3169,-96.6992,0.78,0.2,0.58,0.178,0.085,0.159,0.213,0.365,0.263,0.578,Republican
Florida,Bay County,30.2652,-85.6203,0.71,0.28,0.44,0.065,0.109,0.076,0.202,0.548,0.174,0.75,Republican
Mississippi,Stone County,30.79,-89.1177,0.76,0.23,0.53,0.109,0.064,0.124,0.224,0.479,0.173,0.703,Republican
New York,Herkimer County,43.4197,-74.9625,0.64,0.34,0.3,0.015,0.026,0.042,0.158,0.758,0.040999999999999995,0.916,Republican
Colorado,Arapahoe County,39.6498,-104.3392,0.36,0.61,-0.25,0.013,0.026,0.065,0.193,0.703,0.039,0.8959999999999999,Democrat
Michigan,Baraga County,46.6626,-88.3652,0.62,0.37,0.26,0.012,0.063,0.109,0.257,0.558,0.075,0.8150000000000001,Republican
New York,Dutchess County,41.7651,-73.7429,0.44,0.54,-0.1,0.007,0.009,0.031,0.099,0.854,0.016,0.953,Democrat
Virginia,Stafford County,38.4207,-77.458,0.47,0.51,-0.03,0.045,0.035,0.097,0.095,0.728,0.08,0.823,Democrat
Kentucky,Magoffin County,37.7065,-83.0649,0.77,0.22,0.54,0.107,0.078,0.111,0.164,0.54,0.185,0.7040000000000001,Republican
New York,Franklin County,44.5929,-74.3038,0.5,0.48,0.02,0.026,0.027,0.117,0.097,0.733,0.053,0.83,Republican
Louisiana,West Baton Rouge Parish,30.4634,-91.3127,0.55,0.44,0.11,0.044,0.04,0.07,0.197,0.649,0.08399999999999999,0.8460000000000001,Republican
Oklahoma,Pontotoc County,34.7281,-96.6844,0.71,0.27,0.44,0.029,0.033,0.102,0.235,0.601,0.062,0.836,Republican
Louisiana,St. Helena Parish,30.822,-90.7103,0.44,0.54,-0.1,0.064,0.126,0.138,0.237,0.434,0.19,0.671,Democrat
Texas,Uvalde County,29.3573,-99.7623,0.6,0.39,0.2,0.014,0.022,0.136,0.081,0.747,0.036,0.828,Republican
North Carolina,Mecklenburg County,35.2467,-80.8328,0.32,0.67,-0.35,0.029,0.037,0.075,0.166,0.694,0.066,0.86,Democrat
Minnesota,Faribault County,43.6739,-93.9479,0.66,0.32,0.34,0.078,0.158,0.163,0.261,0.34,0.236,0.601,Republican
Oklahoma,Woodward County,36.4227,-99.2651,0.85,0.13,0.72,0.146,0.232,0.145,0.247,0.229,0.378,0.476,Republican
Tennessee,Warren County,35.6787,-85.7785,0.74,0.25,0.5,0.14,0.107,0.189,0.212,0.352,0.247,0.564,Republican
Tennessee,Greene County,36.1753,-82.8458,0.79,0.19,0.61,0.125,0.178,0.033,0.254,0.41,0.303,0.6639999999999999,Republican
Ohio,Defiance County,41.3239,-84.4905,0.67,0.31,0.36,0.052,0.114,0.152,0.221,0.462,0.166,0.683,Republican
California,San Mateo County,37.4229,-122.329,0.2,0.78,-0.58,0.016,0.013,0.058,0.126,0.786,0.028999999999999998,0.912,Democrat
North Dakota,Bottineau County,48.7922,-100.8333,0.74,0.24,0.51,0.206,0.119,0.142,0.259,0.274,0.32499999999999996,0.533,Republican
Louisiana,Bossier Parish,32.6789,-93.605,0.7,0.29,0.41,0.068,0.096,0.144,0.225,0.468,0.164,0.6930000000000001,Republican
Tennessee,Putnam County,36.1408,-85.4952,0.71,0.27,0.43,0.16,0.164,0.207,0.099,0.369,0.324,0.46799999999999997,Republican
Minnesota,Grant County,45.9341,-96.012200000000007,0.62,0.36,0.27,0.11,0.137,0.193,0.165,0.396,0.247,0.561,Republican
Maryland,Calvert County,38.5434,-76.5687,0.52,0.46,0.06,0.049,0.049,0.071,0.11,0.72,0.098,0.83,Republican
Texas,Titus County,33.2166,-94.9657,0.72,0.27,0.45,0.019,0.117,0.191,0.264,0.409,0.136,0.673,Republican
Texas,Menard County,30.8898,-99.8206,0.8,0.19,0.61,0.013,0.048,0.088,0.289,0.562,0.061,0.851,Republican
North Carolina,McDowell County,35.6817,-82.0493,0.73,0.25,0.48,0.075,0.114,0.105,0.143,0.563,0.189,0.706,Republican
Illinois,Massac County,37.219,-88.7077,0.73,0.25,0.48,0.097,0.043,0.232,0.256,0.373,0.14,0.629,Republican
Montana,Prairie County,46.8605,-105.378,0.81,0.17,0.64,0.101,0.27,0.171,0.283,0.176,0.371,0.45899999999999996,Republican
Nebraska,Douglas County,41.2953,-96.1543,0.43,0.54,-0.11,0.091,0.069,0.095,0.263,0.482,0.16,0.745,Democrat
Montana,Stillwater County,45.669,-109.3952,0.78,0.2,0.58,0.126,0.173,0.16,0.255,0.286,0.299,0.5409999999999999,Republican
Virginia,Manassas city,38.7479,-77.4839,0.37,0.61,-0.24,0.033,0.023,0.027,0.175,0.742,0.056,0.917,Democrat
Indiana,Ohio County,38.9501,-84.9651,0.76,0.24,0.52,0.06,0.078,0.18,0.223,0.459,0.138,0.682,Republican
West Virginia,Harrison County,39.2835,-80.3799,0.68,0.3,0.38,0.132,0.021,0.071,0.319,0.457,0.153,0.776,Republican
Utah,Piute County,38.3367,-112.1274,0.89,0.1,0.79,0.097,0.061,0.266,0.3,0.276,0.158,0.5760000000000001,Republican
Pennsylvania,Elk County,41.4252,-78.6491,0.72,0.27,0.45,0.055,0.016,0.084,0.15,0.695,0.07100000000000001,0.845,Republican
Mississippi,Neshoba County,32.7535,-89.1176,0.71,0.28,0.43,0.017,0.018,0.066,0.171,0.729,0.035,0.9,Republican
Texas,Ward County,31.5095,-103.1025,0.8,0.19,0.61,0.08,0.052,0.094,0.197,0.577,0.132,0.774,Republican
Virginia,Scott County,36.7143,-82.6029,0.83,0.16,0.68,0.074,0.124,0.121,0.157,0.523,0.198,0.68,Republican
South Dakota,Campbell County,45.7712,-100.0516,0.86,0.13,0.72,0.155,0.167,0.122,0.277,0.278,0.322,0.555,Republican
Colorado,Clear Creek County,39.6891,-105.6444,0.42,0.55,-0.13,0.002,0.015,0.138,0.123,0.723,0.017,0.846,Democrat
New York,Chautauqua County,42.2282,-79.3663,0.59,0.39,0.2,0.029,0.024,0.038,0.206,0.703,0.053000000000000005,0.9089999999999999,Republican
Georgia,Quitman County,31.8673,-85.0188,0.55,0.45,0.1,0.053,0.15,0.095,0.163,0.538,0.20299999999999999,0.7010000000000001,Republican
Minnesota,Chisago County,45.5025,-92.9083,0.63,0.34,0.29,0.064,0.104,0.165,0.253,0.414,0.16799999999999998,0.667,Republican
New Mexico,Cibola County,34.9125,-107.9997,0.45,0.53,-0.09,0.003,0.059,0.014,0.085,0.839,0.062,0.9239999999999999,Democrat
Indiana,Jasper County,41.023,-87.1161,0.74,0.25,0.49,0.186,0.1,0.065,0.328,0.321,0.28600000000000003,0.649,Republican
Pennsylvania,Adams County,39.8715,-77.2179,0.66,0.32,0.34,0.039,0.034,0.083,0.238,0.606,0.07300000000000001,0.844,Republican
New Mexico,San Miguel County,35.4804,-104.8158,0.3,0.68,-0.39,0.004,0.02,0.057,0.119,0.8,0.024,0.919,Democrat
Texas,Fayette County,29.8768,-96.9198,0.79,0.21,0.58,0.006,0.05,0.259,0.142,0.543,0.056,0.685,Republican
California,San Diego County,33.0341,-116.7353,0.37,0.6,-0.23,0.017,0.023,0.034,0.126,0.8,0.04,0.926,Democrat
Arizona,Graham County,32.9326,-109.8875,0.72,0.27,0.45,0.095,0.067,0.237,0.049,0.553,0.162,0.6020000000000001,Republican
Iowa,Fremont County,40.7456,-95.6047,0.7,0.28,0.42,0.048,0.061,0.071,0.209,0.611,0.109,0.82,Republican
Nebraska,Hamilton County,40.873,-98.0229,0.77,0.2,0.57,0.04,0.124,0.157,0.252,0.427,0.164,0.679,Republican
West Virginia,Upshur County,38.8978,-80.2334,0.76,0.22,0.54,0.131,0.039,0.077,0.278,0.475,0.17,0.753,Republican
Texas,Collingsworth County,34.9648,-100.27,0.86,0.13,0.73,0.239,0.142,0.176,0.16,0.284,0.381,0.44399999999999995,Republican
Michigan,Wayne County,42.2819,-83.2821,0.3,0.68,-0.38,0.046,0.032,0.075,0.156,0.69,0.078,0.846,Democrat
Minnesota,McLeod County,44.8236,-94.2724,0.67,0.31,0.36,0.061,0.176,0.193,0.383,0.186,0.237,0.569,Republican
Georgia,Pierce County,31.3588,-82.2128,0.87,0.12,0.75,0.05,0.143,0.127,0.157,0.522,0.193,0.679,Republican
Virginia,Newport News city,37.1051,-76.5185,0.32,0.65,-0.33,0.01,0.038,0.035,0.145,0.772,0.048,0.917,Democrat
Alabama,Colbert County,34.7005,-87.8049,0.69,0.3,0.39,0.082,0.096,0.152,0.159,0.51,0.178,0.669,Republican
Missouri,Shannon County,37.1574,-91.4005,0.81,0.18,0.63,0.212,0.25,0.198,0.098,0.243,0.46199999999999997,0.34099999999999997,Republican
Georgia,Houston County,32.459,-83.6662,0.56,0.43,0.12,0.032,0.079,0.136,0.172,0.581,0.111,0.7529999999999999,Republican
Indiana,Dearborn County,39.1452,-84.9732,0.77,0.21,0.55,0.083,0.1,0.168,0.277,0.371,0.183,0.648,Republican
Missouri,Cass County,38.647,-94.3549,0.65,0.33,0.32,0.027,0.082,0.17,0.185,0.535,0.109,0.72,Republican
North Dakota,McKenzie County,47.7402,-103.3953,0.83,0.15,0.68,0.19,0.182,0.142,0.253,0.232,0.372,0.485,Republican
Texas,Erath County,32.2363,-98.2179,0.81,0.17,0.64,0.017,0.096,0.075,0.202,0.609,0.113,0.8109999999999999,Republican
Virginia,Brunswick County,36.7648,-77.859,0.42,0.57,-0.15,0.006,0.003,0.158,0.145,0.688,0.009000000000000001,0.833,Democrat
Kentucky,McCracken County,37.054,-88.7127,0.65,0.33,0.32,0.085,0.058,0.232,0.255,0.37,0.14300000000000002,0.625,Republican
Colorado,Delta County,38.8614,-107.8629,0.68,0.3,0.37,0.087,0.094,0.074,0.295,0.45,0.181,0.745,Republican
Pennsylvania,Cumberland County,40.1636,-77.2655,0.55,0.44,0.11,0.031,0.032,0.183,0.192,0.562,0.063,0.754,Republican
Alabama,Fayette County,33.7212,-87.7389,0.83,0.16,0.67,0.138,0.048,0.151,0.233,0.429,0.186,0.662,Republican
Texas,Montgomery County,30.3002,-95.503,0.71,0.27,0.44,0.031,0.073,0.061,0.145,0.69,0.104,0.835,Republican
West Virginia,Wyoming County,37.6096,-81.5492,0.86,0.13,0.72,0.073,0.098,0.176,0.245,0.408,0.17099999999999999,0.653,Republican
North Carolina,Cherokee County,35.1339,-84.0635,0.77,0.22,0.55,0.085,0.109,0.101,0.147,0.557,0.194,0.7040000000000001,Republican
Virginia,Botetourt County,37.5571,-79.8123,0.71,0.27,0.45,0.043,0.079,0.106,0.221,0.551,0.122,0.772,Republican
Oklahoma,Harper County,36.7888,-99.6674,0.89,0.09,0.8,0.158,0.189,0.118,0.257,0.278,0.347,0.535,Republican
Maryland,Allegany County,39.6215,-78.6976,0.68,0.3,0.38,0.007,0.01,0.035,0.213,0.736,0.017,0.949,Republican
Montana,Liberty County,48.5617,-111.0246,0.76,0.23,0.53,0.188,0.146,0.167,0.147,0.352,0.33399999999999996,0.499,Republican
Illinois,Bureau County,41.4041,-89.5287,0.6,0.38,0.21,0.012,0.019,0.156,0.208,0.605,0.031,0.813,Republican
North Dakota,Mercer County,47.3092,-101.8315,0.82,0.15,0.67,0.189,0.197,0.111,0.266,0.237,0.386,0.503,Republican
Indiana,Hancock County,39.8236,-85.7733,0.68,0.3,0.38,0.068,0.04,0.166,0.306,0.42,0.10800000000000001,0.726,Republican
Louisiana,Pointe Coupee Parish,30.7094,-91.6008,0.61,0.38,0.23,0.044,0.082,0.068,0.198,0.608,0.126,0.806,Republican
Florida,Manatee County,27.4719,-82.3153,0.58,0.42,0.16,0.074,0.037,0.062,0.201,0.626,0.11099999999999999,0.827,Republican
Louisiana,Evangeline Parish,30.729,-92.4059,0.72,0.27,0.45,0.215,0.077,0.111,0.211,0.387,0.292,0.598,Republican
Kansas,Kiowa County,37.5582,-99.2861,0.84,0.13,0.71,0.062,0.107,0.128,0.233,0.469,0.16899999999999998,0.702,Republican
Kansas,Republic County,39.8278,-97.6506,0.82,0.16,0.66,0.183,0.073,0.076,0.295,0.373,0.256,0.6679999999999999,Republican
Nebraska,Hooker County,41.9161,-101.1353,0.85,0.13,0.72,0.151,0.123,0.11,0.279,0.337,0.274,0.6160000000000001,Republican
North Carolina,Person County,36.39,-78.9718,0.6,0.39,0.22,0.01,0.008,0.07,0.166,0.746,0.018000000000000002,0.912,Republican
Mississippi,Quitman County,34.2514,-90.2891,0.32,0.67,-0.35,0.041,0.101,0.1,0.312,0.446,0.14200000000000002,0.758,Democrat
North Dakota,McIntosh County,46.1118,-99.4412,0.79,0.18,0.61,0.169,0.128,0.136,0.275,0.291,0.29700000000000004,0.5660000000000001,Republican
Georgia,Clayton County,33.5419,-84.3576,0.14,0.85,-0.71,0.038,0.054,0.125,0.159,0.624,0.092,0.783,Democrat
Illinois,Wabash County,38.4461,-87.8443,0.76,0.22,0.53,0.078,0.113,0.271,0.325,0.212,0.191,0.537,Republican
Georgia,Lamar County,33.0765,-84.1395,0.7,0.29,0.41,0.07,0.06,0.171,0.293,0.406,0.13,0.6990000000000001,Republican
South Carolina,Kershaw County,34.3388,-80.5902,0.61,0.38,0.23,0.062,0.019,0.114,0.189,0.616,0.081,0.8049999999999999,Republican
Wisconsin,Rock County,42.6712,-89.0716,0.44,0.55,-0.11,0.023,0.139,0.096,0.277,0.464,0.162,0.7410000000000001,Democrat
Wyoming,Laramie County,41.307,-104.6895,0.62,0.34,0.28,0.143,0.127,0.1,0.221,0.409,0.27,0.63,Republican
Virginia,Sussex County,36.9217,-77.2618,0.44,0.56,-0.12,0.012,0.012,0.06,0.218,0.698,0.024,0.9159999999999999,Democrat
North Carolina,Robeson County,34.6402,-79.1039,0.59,0.4,0.19,0.062,0.031,0.116,0.165,0.626,0.093,0.791,Republican
Georgia,Walton County,33.7816,-83.7339,0.74,0.25,0.49,0.106,0.127,0.184,0.141,0.442,0.23299999999999998,0.583,Republican
Missouri,St. Louis County,38.6405,-90.4433,0.37,0.61,-0.24,0.024,0.028,0.069,0.182,0.697,0.052000000000000005,0.879,Democrat
Texas,McMullen County,28.3527,-98.5679,0.89,0.1,0.79,0.043,0.002,0.21,0.203,0.542,0.045,0.7450000000000001,Republican
Tennessee,Montgomery County,36.4969,-87.3828,0.55,0.42,0.13,0.083,0.063,0.203,0.228,0.423,0.14600000000000002,0.651,Republican
Iowa,Black Hawk County,42.4701,-92.3088,0.45,0.54,-0.09,0.032,0.053,0.18,0.289,0.447,0.08499999999999999,0.736,Democrat
Alabama,Calhoun County,33.7714,-85.826,0.69,0.3,0.39,0.152,0.108,0.13,0.167,0.442,0.26,0.609,Republican
Louisiana,St. Bernard Parish,29.8693,-89.5552,0.63,0.35,0.28,0.035,0.075,0.136,0.23,0.524,0.11,0.754,Republican
Wisconsin,Brown County,44.4529,-88.0037,0.53,0.45,0.07,0.069,0.053,0.184,0.208,0.486,0.122,0.694,Republican
Iowa,Carroll County,42.0362,-94.8606,0.68,0.3,0.38,0.153,0.11,0.241,0.139,0.358,0.263,0.497,Republican
Mississippi,Marshall County,34.7623,-89.5031,0.48,0.51,-0.03,0.013,0.006,0.13,0.301,0.55,0.019,0.851,Democrat
Kentucky,Bourbon County,38.2067,-84.2172,0.64,0.34,0.3,0.024,0.037,0.042,0.129,0.769,0.061,0.898,Republican
Tennessee,Coffee County,35.4906,-86.0748,0.74,0.23,0.5,0.165,0.09,0.174,0.208,0.363,0.255,0.571,Republican
New Mexico,Socorro County,34.0072,-106.9302,0.45,0.52,-0.07,0.002,0.008,0.05,0.193,0.746,0.01,0.9390000000000001,Democrat
California,Alameda County,37.6469,-121.8889,0.18,0.8,-0.63,0.019,0.008,0.055,0.123,0.795,0.027,0.918,Democrat
Texas,Dickens County,33.6165,-100.7789,0.86,0.13,0.73,0.032,0.071,0.111,0.254,0.532,0.103,0.786,Republican
Louisiana,Washington Parish,30.8533,-90.0405,0.68,0.31,0.38,0.103,0.046,0.148,0.242,0.461,0.149,0.7030000000000001,Republican
Mississippi,Chickasaw County,33.9208,-88.9479,0.51,0.47,0.04,0.07,0.134,0.088,0.182,0.525,0.20400000000000001,0.7070000000000001,Republican
Oklahoma,Cherokee County,35.9067,-94.9997,0.63,0.34,0.29,0.099,0.121,0.212,0.24,0.327,0.22,0.567,Republican
Indiana,Bartholomew County,39.206,-85.8976,0.62,0.36,0.26,0.138,0.084,0.085,0.286,0.406,0.22200000000000003,0.692,Republican
Mississippi,Jones County,31.6226,-89.1688,0.71,0.28,0.42,0.069,0.079,0.118,0.169,0.565,0.14800000000000002,0.734,Republican
Oregon,Benton County,44.4918,-123.4293,0.28,0.68,-0.4,0.007,0.007,0.059,0.156,0.77,0.014,0.926,Democrat
Texas,Cass County,33.0775,-94.3436,0.79,0.2,0.59,0.034,0.145,0.17,0.209,0.441,0.179,0.65,Republican
Colorado,Broomfield County,39.9541,-105.0527,0.35,0.62,-0.27,0.018,0.005,0.042,0.201,0.734,0.023,0.935,Democrat
Pennsylvania,Clarion County,41.1924,-79.421,0.75,0.24,0.51,0.057,0.03,0.152,0.155,0.605,0.087,0.76,Republican
Illinois,Will County,41.445,-87.9786,0.45,0.53,-0.08,0.041,0.024,0.062,0.134,0.739,0.065,0.873,Democrat
Minnesota,Lincoln County,44.4126,-96.2671,0.68,0.3,0.38,0.11,0.078,0.203,0.292,0.317,0.188,0.609,Republican
Washington,San Juan County,48.5782,-122.965,0.23,0.74,-0.51,0.015,0.004,0.021,0.229,0.73,0.019,0.959,Democrat
Texas,San Patricio County,28.0091,-97.5186,0.64,0.35,0.29,0.015,0.02,0.053,0.074,0.838,0.035,0.9119999999999999,Republican
Nebraska,Merrick County,41.169,-98.038,0.8,0.17,0.62,0.05,0.125,0.137,0.234,0.454,0.175,0.6880000000000001,Republican
Mississippi,Hancock County,30.416,-89.4885,0.77,0.21,0.55,0.063,0.09,0.089,0.254,0.503,0.153,0.757,Republican
Michigan,Charlevoix County,45.3022,-85.1263,0.58,0.41,0.17,0.027,0.057,0.085,0.205,0.626,0.084,0.831,Republican
Colorado,San Miguel County,38.0038,-108.4057,0.22,0.76,-0.54,0.043,0.058,0.074,0.26,0.565,0.101,0.825,Democrat
Washington,Island County,48.163,-122.5481,0.42,0.54,-0.12,0.015,0.009,0.066,0.15,0.759,0.024,0.909,Democrat
Oklahoma,Canadian County,35.5424,-97.9824,0.7,0.27,0.43,0.043,0.073,0.103,0.309,0.472,0.11599999999999999,0.7809999999999999,Republican
Nevada,Humboldt County,41.4068,-118.112,0.76,0.22,0.54,0.008,0.042,0.156,0.069,0.725,0.05,0.794,Republican
Florida,Hernando County,28.5536,-82.425,0.65,0.34,0.3,0.09,0.04,0.091,0.19,0.589,0.13,0.7789999999999999,Republican
Michigan,Missaukee County,44.3374,-85.0947,0.76,0.22,0.53,0.025,0.036,0.082,0.191,0.666,0.061,0.857,Republican
West Virginia,Taylor County,39.336,-80.0462,0.74,0.24,0.5,0.072,0.032,0.092,0.288,0.517,0.104,0.8049999999999999,Republican
Ohio,Wayne County,40.8289,-81.888,0.68,0.31,0.37,0.064,0.082,0.144,0.245,0.466,0.14600000000000002,0.7110000000000001,Republican
Missouri,Dallas County,37.6804,-93.0237,0.82,0.17,0.65,0.165,0.143,0.167,0.154,0.371,0.308,0.525,Republican
Virginia,Henry County,36.6828,-79.874,0.64,0.35,0.29,0.063,0.085,0.132,0.154,0.566,0.14800000000000002,0.72,Republican
Ohio,Pickaway County,39.6419,-83.0244,0.73,0.26,0.47,0.067,0.087,0.092,0.244,0.51,0.154,0.754,Republican
Kentucky,Kenton County,38.9334,-84.5333,0.59,0.39,0.19,0.052,0.056,0.146,0.245,0.5,0.108,0.745,Republican
Ohio,Huron County,41.1462,-82.5984,0.7,0.29,0.41,0.191,0.064,0.204,0.172,0.369,0.255,0.5409999999999999,Republican
Oklahoma,Kiowa County,34.9164,-98.9809,0.78,0.2,0.58,0.025,0.19,0.131,0.239,0.415,0.215,0.6539999999999999,Republican
Alabama,Autauga County,32.5349,-86.6427,0.71,0.27,0.44,0.053,0.074,0.134,0.295,0.444,0.127,0.739,Republican
Oregon,Malheur County,43.1934,-117.6231,0.69,0.28,0.42,0.071,0.206,0.213,0.206,0.305,0.27699999999999997,0.511,Republican
Missouri,Audrain County,39.2157,-91.8416,0.73,0.25,0.47,0.11,0.078,0.203,0.281,0.327,0.188,0.6080000000000001,Republican
New York,Ulster County,41.8881,-74.2586,0.39,0.6,-0.21,0.014,0.023,0.045,0.1,0.818,0.037,0.9179999999999999,Democrat
Georgia,Pickens County,34.4643,-84.4656,0.82,0.16,0.66,0.038,0.118,0.101,0.188,0.555,0.156,0.7430000000000001,Republican
Tennessee,Van Buren County,35.696,-85.4526,0.8,0.19,0.62,0.145,0.147,0.147,0.239,0.323,0.292,0.562,Republican
Florida,Polk County,27.9489,-81.6976,0.57,0.42,0.14,0.05,0.063,0.085,0.172,0.63,0.113,0.802,Republican
Texas,Briscoe County,34.5303,-101.2086,0.88,0.11,0.77,0.105,0.077,0.113,0.187,0.518,0.182,0.7050000000000001,Republican
North Carolina,Alexander County,35.921,-81.177,0.79,0.2,0.58,0.027,0.023,0.103,0.272,0.575,0.05,0.847,Republican
Kentucky,Woodford County,38.0424,-84.7436,0.55,0.43,0.12,0.042,0.017,0.049,0.193,0.698,0.059000000000000004,0.891,Republican
Washington,Pend Oreille County,48.5323,-117.274,0.67,0.3,0.37,0.027,0.122,0.052,0.212,0.587,0.149,0.7989999999999999,Republican
Georgia,McIntosh County,31.4967,-81.4085,0.6,0.39,0.21,0.034,0.076,0.188,0.221,0.481,0.11,0.702,Republican
Kentucky,Knox County,36.8906,-83.854,0.83,0.16,0.67,0.187,0.073,0.103,0.165,0.471,0.26,0.636,Republican
Wisconsin,Marinette County,45.383,-88.0334,0.67,0.32,0.35,0.093,0.104,0.066,0.258,0.479,0.197,0.737,Republican
Indiana,Crawford County,38.2924,-86.4517,0.7,0.27,0.43,0.067,0.089,0.118,0.261,0.465,0.156,0.726,Republican
Georgia,Bibb County,32.8065,-83.6974,0.38,0.61,-0.24,0.043,0.094,0.176,0.201,0.487,0.137,0.688,Democrat
Texas,McCulloch County,31.1989,-99.3476,0.85,0.14,0.7,0.031,0.053,0.09,0.34,0.486,0.08399999999999999,0.8260000000000001,Republican
Mississippi,Jasper County,32.0191,-89.1188,0.49,0.5,-0,0.066,0.09,0.144,0.167,0.533,0.156,0.7000000000000001,Democrat
Indiana,Madison County,40.1616,-85.7194,0.6,0.38,0.23,0.062,0.084,0.15,0.145,0.559,0.14600000000000002,0.7040000000000001,Republican
Wisconsin,Grant County,42.8675,-90.7062,0.55,0.43,0.12,0.103,0.102,0.18,0.166,0.449,0.205,0.615,Republican
Minnesota,Swift County,45.2827,-95.6814,0.64,0.34,0.3,0.17,0.113,0.152,0.212,0.353,0.28300000000000003,0.565,Republican
Wisconsin,Portage County,44.476,-89.5014,0.48,0.5,-0.03,0.157,0.159,0.215,0.188,0.28,0.316,0.468,Democrat
Wisconsin,Pierce County,44.7194,-92.4224,0.55,0.42,0.13,0.063,0.094,0.144,0.25,0.449,0.157,0.6990000000000001,Republican
Virginia,Charlotte County,37.0116,-78.6616,0.62,0.37,0.24,0.084,0.025,0.148,0.133,0.61,0.10900000000000001,0.743,Republican
Missouri,DeKalb County,39.8932,-94.4047,0.79,0.19,0.6,0.144,0.133,0.159,0.241,0.323,0.277,0.5640000000000001,Republican
Ohio,Madison County,39.894,-83.4002,0.7,0.29,0.41,0.037,0.087,0.167,0.262,0.447,0.124,0.7090000000000001,Republican
Utah,Garfield County,37.8549,-111.4431,0.79,0.19,0.6,0.062,0.056,0.232,0.264,0.386,0.118,0.65,Republican
North Carolina,Davie County,35.9291,-80.5445,0.72,0.27,0.45,0.074,0.067,0.037,0.14,0.681,0.14100000000000001,0.8210000000000001,Republican
Kentucky,Taylor County,37.3665,-85.3279,0.75,0.24,0.51,0.073,0.073,0.111,0.21,0.533,0.146,0.743,Republican
Texas,Mitchell County,32.3062,-100.9211,0.84,0.15,0.69,0.168,0.131,0.087,0.126,0.489,0.29900000000000004,0.615,Republican
Virginia,Chesterfield County,37.3785,-77.587,0.46,0.52,-0.07,0.026,0.03,0.08,0.216,0.649,0.055999999999999994,0.865,Democrat
Iowa,Buena Vista County,42.7355,-95.1511,0.62,0.36,0.26,0.183,0.062,0.26,0.207,0.288,0.245,0.495,Republican
North Carolina,Sampson County,34.9915,-78.3714,0.61,0.38,0.23,0.006,0.005,0.084,0.197,0.708,0.011,0.905,Republican
South Dakota,Union County,42.8326,-96.656,0.67,0.31,0.36,0.082,0.177,0.12,0.204,0.418,0.259,0.622,Republican
Pennsylvania,Juniata County,40.5311,-77.4022,0.8,0.19,0.61,0.065,0.068,0.093,0.214,0.56,0.133,0.774,Republican
Kentucky,Shelby County,38.2155,-85.1948,0.64,0.34,0.3,0.092,0.107,0.054,0.261,0.487,0.199,0.748,Republican
Michigan,Bay County,43.708,-83.9916,0.55,0.43,0.12,0.014,0.055,0.103,0.202,0.627,0.069,0.829,Republican
Mississippi,Prentiss County,34.6183,-88.5201,0.79,0.2,0.58,0.103,0.104,0.17,0.234,0.389,0.207,0.623,Republican
Maryland,Dorchester County,38.4829,-76.0125,0.55,0.43,0.12,0.02,0.006,0.011,0.119,0.844,0.026000000000000002,0.963,Republican
New Mexico,De Baca County,34.3425,-104.412,0.73,0.26,0.47,0.036,0.069,0.085,0.098,0.712,0.10500000000000001,0.8099999999999999,Republican
Ohio,Delaware County,40.2784,-83.0049,0.53,0.46,0.07,0.018,0.081,0.084,0.177,0.64,0.099,0.817,Republican
Kentucky,Breckinridge County,37.7734,-86.4293,0.75,0.23,0.52,0.023,0.146,0.177,0.138,0.517,0.16899999999999998,0.655,Republican
Iowa,Monroe County,41.0298,-92.869,0.73,0.26,0.46,0.034,0.078,0.256,0.247,0.385,0.112,0.632,Republican
Idaho,Cassia County,42.2839,-113.6001,0.82,0.15,0.67,0.134,0.223,0.102,0.149,0.392,0.357,0.541,Republican
Indiana,Clinton County,40.3017,-86.4751,0.72,0.26,0.46,0.088,0.033,0.132,0.285,0.462,0.121,0.747,Republican
Missouri,Madison County,37.478,-90.345,0.81,0.18,0.63,0.082,0.124,0.092,0.296,0.406,0.20600000000000002,0.702,Republican
Indiana,LaPorte County,41.546,-86.74,0.53,0.45,0.07,0.084,0.075,0.168,0.206,0.466,0.159,0.672,Republican
New Mexico,Torrance County,34.6405,-105.8508,0.66,0.32,0.33,0.097,0.005,0.035,0.167,0.696,0.10200000000000001,0.863,Republican
Texas,Real County,29.8318,-99.8222,0.83,0.16,0.67,0.03,0.065,0.164,0.187,0.554,0.095,0.7410000000000001,Republican
Oregon,Yamhill County,45.2326,-123.3081,0.5,0.46,0.04,0.021,0.035,0.072,0.143,0.729,0.05600000000000001,0.872,Republican
Kentucky,Grant County,38.6488,-84.6246,0.79,0.2,0.59,0.047,0.056,0.183,0.106,0.608,0.10300000000000001,0.714,Republican
Iowa,Union County,41.0277,-94.2424,0.65,0.33,0.32,0.03,0.125,0.172,0.21,0.462,0.155,0.672,Republican
Tennessee,Jackson County,36.3592,-85.6732,0.77,0.21,0.56,0.138,0.128,0.249,0.093,0.392,0.266,0.485,Republican
Ohio,Franklin County,39.9695,-83.0093,0.33,0.65,-0.31,0.042,0.054,0.09,0.198,0.617,0.096,0.815,Democrat
Wyoming,Lincoln County,42.2639,-110.656,0.83,0.14,0.68,0.131,0.183,0.128,0.235,0.324,0.314,0.5589999999999999,Republican
Texas,Jones County,32.7399,-99.8788,0.84,0.15,0.69,0.064,0.079,0.121,0.193,0.543,0.14300000000000002,0.736,Republican
Georgia,Mitchell County,31.2253,-84.1943,0.55,0.45,0.11,0.044,0.112,0.055,0.159,0.63,0.156,0.789,Republican
North Carolina,Yancey County,35.8989,-82.3076,0.66,0.32,0.34,0.028,0.019,0.063,0.224,0.665,0.047,0.889,Republican
Colorado,Garfield County,39.5993,-107.904,0.48,0.5,-0.02,0.065,0.04,0.037,0.326,0.532,0.10500000000000001,0.8580000000000001,Democrat
Ohio,Hardin County,40.6616,-83.6595,0.75,0.23,0.52,0.149,0.121,0.134,0.227,0.368,0.27,0.595,Republican
Arkansas,Pike County,34.1635,-93.6563,0.83,0.15,0.68,0.064,0.061,0.2,0.176,0.501,0.125,0.677,Republican
Louisiana,Rapides Parish,31.1986,-92.5332,0.65,0.33,0.32,0.106,0.046,0.087,0.236,0.524,0.152,0.76,Republican
North Carolina,Caswell County,36.3932,-79.3335,0.59,0.4,0.18,0.06,0.035,0.199,0.179,0.527,0.095,0.706,Republican
Missouri,Randolph County,39.4401,-92.4971,0.75,0.23,0.51,0.163,0.088,0.145,0.194,0.41,0.251,0.604,Republican
Montana,Glacier County,48.7051,-112.9947,0.33,0.64,-0.31,0.084,0.154,0.17,0.196,0.396,0.238,0.5920000000000001,Democrat
California,Santa Cruz County,37.0562,-122.0018,0.19,0.79,-0.6,0.008,0,0.086,0.109,0.797,0.008,0.906,Democrat
North Carolina,Haywood County,35.556,-82.9822,0.62,0.36,0.27,0.077,0.039,0.03,0.188,0.666,0.11599999999999999,0.8540000000000001,Republican
Indiana,Clay County,39.3928,-87.1158,0.77,0.21,0.57,0.122,0.073,0.112,0.226,0.466,0.195,0.6920000000000001,Republican
Washington,Kitsap County,47.6132,-122.6717,0.39,0.57,-0.18,0.024,0.003,0.051,0.136,0.786,0.027,0.922,Democrat
Virginia,Franklin County,36.992,-79.8811,0.7,0.28,0.42,0.074,0.098,0.069,0.189,0.57,0.172,0.7589999999999999,Republican
Missouri,Morgan County,38.4237,-92.886,0.78,0.2,0.58,0.211,0.118,0.175,0.193,0.304,0.32899999999999996,0.497,Republican
Texas,Starr County,26.5621,-98.7387,0.47,0.52,-0.05,0.039,0.008,0.023,0.1,0.831,0.047,0.9309999999999999,Democrat
Indiana,Grant County,40.5158,-85.6547,0.68,0.3,0.39,0.053,0.108,0.133,0.311,0.393,0.161,0.704,Republican
South Dakota,McPherson County,45.7664,-99.2214,0.81,0.17,0.64,0.204,0.091,0.161,0.22,0.323,0.295,0.543,Republican
Nebraska,Cass County,40.9097,-96.1409,0.66,0.31,0.35,0.042,0.049,0.119,0.24,0.55,0.091,0.79,Republican
Ohio,Clark County,39.9168,-83.7838,0.61,0.37,0.23,0.066,0.027,0.19,0.247,0.471,0.093,0.718,Republican
Wisconsin,Buffalo County,44.3798,-91.7545,0.62,0.37,0.25,0.039,0.106,0.172,0.269,0.414,0.145,0.683,Republican
Florida,Citrus County,28.8489,-82.4794,0.7,0.29,0.41,0.09,0.036,0.087,0.178,0.609,0.126,0.7869999999999999,Republican
Montana,McCone County,47.6452,-105.7954,0.85,0.14,0.71,0.142,0.274,0.179,0.267,0.139,0.41600000000000004,0.406,Republican
West Virginia,Morgan County,39.5604,-78.2578,0.75,0.23,0.52,0.025,0.085,0.169,0.258,0.463,0.11000000000000001,0.7210000000000001,Republican
Pennsylvania,Mifflin County,40.6104,-77.617,0.78,0.21,0.56,0.084,0.049,0.129,0.171,0.567,0.133,0.738,Republican
